-- MySQL dump 10.13  Distrib 5.7.31, for Linux (x86_64)
--
-- Host: localhost    Database: demo
-- ------------------------------------------------------
-- Server version	5.7.31-0ubuntu0.18.04.1

/*!40101 SET @OLD_CHARACTER_SET_CLIENT=@@CHARACTER_SET_CLIENT */;
/*!40101 SET @OLD_CHARACTER_SET_RESULTS=@@CHARACTER_SET_RESULTS */;
/*!40101 SET @OLD_COLLATION_CONNECTION=@@COLLATION_CONNECTION */;
/*!40101 SET NAMES utf8 */;
/*!40103 SET @OLD_TIME_ZONE=@@TIME_ZONE */;
/*!40103 SET TIME_ZONE='+00:00' */;
/*!40014 SET @OLD_UNIQUE_CHECKS=@@UNIQUE_CHECKS, UNIQUE_CHECKS=0 */;
/*!40014 SET @OLD_FOREIGN_KEY_CHECKS=@@FOREIGN_KEY_CHECKS, FOREIGN_KEY_CHECKS=0 */;
/*!40101 SET @OLD_SQL_MODE=@@SQL_MODE, SQL_MODE='NO_AUTO_VALUE_ON_ZERO' */;
/*!40111 SET @OLD_SQL_NOTES=@@SQL_NOTES, SQL_NOTES=0 */;

--
-- Table structure for table `bought_record`
--

DROP TABLE IF EXISTS `bought_record`;
/*!40101 SET @saved_cs_client     = @@character_set_client */;
/*!40101 SET character_set_client = utf8 */;
CREATE TABLE `bought_record` (
  `cust_id` int(11) DEFAULT NULL,
  `prod_id` int(11) DEFAULT NULL,
  `bought_date` datetime DEFAULT NULL,
  `quantity` int(11) DEFAULT NULL,
  KEY `cust_id` (`cust_id`),
  KEY `prod_id` (`prod_id`),
  CONSTRAINT `bought_record_ibfk_1` FOREIGN KEY (`cust_id`) REFERENCES `customer` (`id`),
  CONSTRAINT `bought_record_ibfk_2` FOREIGN KEY (`prod_id`) REFERENCES `product` (`id`)
) ENGINE=InnoDB DEFAULT CHARSET=utf8mb4;
/*!40101 SET character_set_client = @saved_cs_client */;

--
-- Dumping data for table `bought_record`
--

LOCK TABLES `bought_record` WRITE;
/*!40000 ALTER TABLE `bought_record` DISABLE KEYS */;
INSERT INTO `bought_record` VALUES (30,12,'2020-06-12 00:03:08',5997),(22,30,'2019-07-26 06:33:08',7374),(100,6,'2020-02-27 16:34:49',2827),(31,18,'2019-03-29 18:15:56',2543),(60,11,'2019-09-14 16:43:51',2897),(3,14,'2019-05-30 15:05:38',8156),(109,9,'2020-05-18 20:48:42',4923),(39,8,'2020-03-29 23:25:43',6532),(60,26,'2019-07-14 21:09:38',2088),(115,1,'2020-05-01 23:55:11',2982),(54,6,'2019-11-07 23:49:23',780),(65,7,'2019-08-02 10:52:49',2919),(7,12,'2020-10-28 15:39:49',7270),(40,15,'2019-10-28 06:07:15',2421),(68,23,'2020-10-28 04:13:56',3006),(117,17,'2019-12-20 21:41:12',5069),(112,28,'2019-09-16 06:15:28',5042),(120,21,'2020-10-17 20:31:41',7762),(65,22,'2019-09-18 17:30:52',20),(30,20,'2020-08-07 20:37:08',2917),(109,4,'2019-10-22 08:25:03',2165),(45,28,'2019-06-16 04:05:57',8711),(106,30,'2019-04-15 23:52:43',7489),(78,30,'2019-11-27 19:31:53',7732),(38,15,'2019-05-13 00:36:03',2250),(4,14,'2020-10-04 08:44:37',6690),(44,24,'2019-07-27 19:17:50',2190),(87,13,'2019-06-08 13:01:54',9536),(50,8,'2020-10-10 22:07:14',748),(81,4,'2020-01-17 21:33:47',6614),(31,3,'2019-07-06 02:27:01',6490),(70,3,'2020-02-14 03:09:21',153),(74,2,'2019-11-13 02:13:07',5648),(4,8,'2019-06-30 21:54:53',4272),(65,15,'2020-03-23 17:32:00',3046),(69,9,'2020-10-11 13:30:11',4748),(58,19,'2020-06-21 07:48:07',5571),(106,8,'2019-04-14 01:32:16',2589),(55,14,'2020-07-05 06:15:13',4548),(30,14,'2019-06-24 09:32:01',2767),(80,6,'2019-11-12 14:02:01',5306),(72,28,'2020-05-21 18:17:30',4766),(90,26,'2020-04-13 23:28:31',7559),(118,3,'2020-04-20 22:38:57',6971),(55,7,'2019-12-19 07:41:55',1319),(33,8,'2020-08-18 07:00:03',3677),(95,24,'2020-04-09 19:57:51',4600),(42,20,'2020-04-02 10:14:24',9545),(99,27,'2019-12-22 06:22:16',4525),(29,29,'2020-07-06 02:47:57',8309),(37,28,'2019-07-04 11:40:01',1740),(64,17,'2019-04-26 10:26:51',1128),(58,19,'2019-07-23 12:01:15',1462),(40,6,'2020-02-26 02:14:18',9061),(109,6,'2020-08-23 12:09:01',9218),(62,27,'2019-10-19 19:54:20',7233),(63,2,'2020-04-23 17:16:37',3609),(53,11,'2019-06-23 10:48:01',3923),(8,4,'2020-06-22 00:06:10',1141),(16,30,'2019-08-08 07:12:22',8463),(48,29,'2020-01-20 11:33:39',6341),(79,23,'2019-04-06 08:21:10',6740),(85,4,'2020-08-03 15:27:11',8021),(117,2,'2019-10-13 10:40:42',5770),(109,14,'2020-10-29 11:06:45',7543),(69,1,'2019-06-06 18:38:02',603),(31,20,'2020-10-28 13:21:32',5644),(119,3,'2019-07-28 04:57:43',4250),(45,17,'2020-04-12 21:41:24',7353),(86,25,'2019-05-11 22:52:40',104),(102,14,'2019-12-13 14:50:04',3625),(47,24,'2020-06-04 16:45:00',7692),(80,14,'2019-09-17 04:40:22',7802),(72,20,'2020-11-12 12:21:50',4288),(52,15,'2020-10-30 04:15:50',2013),(43,24,'2020-01-02 21:52:39',2201),(62,6,'2019-11-10 17:23:20',6921),(64,8,'2020-04-04 22:43:06',6749),(56,10,'2019-11-20 16:29:40',959),(42,11,'2020-05-04 04:33:22',8329),(11,26,'2019-10-31 19:15:55',2992),(89,1,'2020-08-09 08:03:16',8169),(1,9,'2019-11-15 16:07:16',5707),(93,3,'2020-08-18 05:16:08',854),(99,25,'2020-07-09 03:12:37',2656),(66,14,'2020-10-31 15:45:46',6701),(73,28,'2020-10-01 22:41:05',8287),(117,11,'2019-12-24 06:25:29',9835),(20,5,'2020-11-09 10:25:44',6726),(82,7,'2019-12-05 06:37:17',6360),(25,9,'2019-06-14 15:03:27',7249),(48,22,'2019-05-04 13:49:10',5013),(56,5,'2020-05-10 00:49:47',2307),(3,18,'2020-09-30 05:56:59',301),(90,14,'2020-05-15 22:22:54',7736),(2,9,'2020-05-19 16:57:09',1123),(118,17,'2019-07-22 18:09:32',3219),(18,18,'2019-11-08 15:05:00',4293),(34,6,'2020-02-07 20:32:21',5102),(27,12,'2019-04-24 14:28:10',1300),(68,21,'2019-10-11 12:37:45',2894),(29,3,'2020-10-05 09:14:58',5640),(7,30,'2019-11-07 19:00:14',2446),(47,19,'2019-05-15 06:23:39',4974),(43,2,'2019-12-04 18:51:49',2571),(111,19,'2020-09-08 16:14:28',2423),(41,10,'2019-06-15 21:46:13',2204),(116,16,'2020-05-07 12:39:53',769),(61,17,'2020-04-23 05:43:16',407),(70,1,'2019-07-16 08:19:50',611),(37,12,'2020-06-28 03:36:10',8745),(56,3,'2020-02-14 03:56:08',3426),(86,15,'2020-06-19 21:24:53',2148),(79,15,'2020-11-13 13:00:07',6712),(12,3,'2019-12-30 16:49:12',9571),(85,24,'2020-07-09 14:37:22',9208),(6,8,'2020-01-21 17:53:41',9705),(120,1,'2019-08-31 17:55:53',83),(45,22,'2019-09-01 05:28:26',8604),(45,10,'2020-05-14 02:21:09',7719),(68,15,'2019-04-20 04:42:24',8506),(48,27,'2019-06-16 11:40:43',9234),(73,12,'2020-09-18 07:05:36',1263),(74,4,'2020-08-23 00:03:29',2075),(116,4,'2020-04-15 23:57:26',8316),(65,4,'2019-05-01 11:19:10',7585),(106,5,'2020-07-22 04:24:09',9931),(93,29,'2020-11-02 00:04:26',1500),(18,29,'2019-09-01 09:57:49',4025),(14,11,'2019-07-02 10:38:40',1057),(76,10,'2020-05-31 14:18:57',9784),(94,16,'2020-01-11 18:45:37',6444),(13,17,'2020-05-09 13:27:32',7830),(38,29,'2019-10-21 08:15:22',811),(52,22,'2019-04-04 17:29:42',9579),(25,22,'2020-03-06 15:48:04',6811),(36,30,'2020-04-18 06:25:00',5073),(107,26,'2019-06-30 09:55:07',3951),(109,6,'2019-05-26 01:23:22',660),(47,19,'2019-07-04 22:09:50',9047),(60,30,'2020-04-06 15:18:29',6840),(110,8,'2020-06-07 19:56:24',786),(115,25,'2020-07-04 09:27:30',261),(54,10,'2019-07-11 13:18:29',3477),(59,1,'2020-05-04 13:10:11',4513),(25,16,'2019-07-24 17:10:32',8776),(108,24,'2019-08-29 08:57:38',3273),(109,18,'2019-04-21 13:19:01',8113),(116,11,'2019-05-09 07:26:49',548),(37,7,'2019-03-31 00:54:41',2662),(100,11,'2020-06-25 10:16:34',3881),(103,28,'2020-06-24 06:45:07',5173),(120,28,'2020-10-27 21:38:40',6605),(17,29,'2020-01-09 00:31:44',8161),(103,24,'2020-06-21 18:21:00',3131),(120,12,'2019-10-26 15:45:07',811),(88,10,'2019-10-15 08:36:54',1634),(105,27,'2020-01-24 01:55:11',8376),(52,1,'2019-10-29 20:15:43',4752),(74,23,'2019-05-24 00:09:08',3339),(110,7,'2019-07-29 17:13:23',6432),(31,23,'2019-06-19 11:56:01',8931),(60,21,'2019-11-17 12:45:57',8715),(113,3,'2019-07-09 12:15:58',1787),(111,28,'2020-10-12 15:49:26',6990),(46,1,'2020-06-28 17:58:04',3666),(79,21,'2019-12-03 09:30:20',8752),(119,15,'2020-02-05 20:25:03',621),(24,8,'2019-07-05 08:32:56',9423),(50,8,'2019-09-15 10:35:40',9346),(115,29,'2020-09-29 12:04:16',4688),(86,6,'2019-06-08 05:49:38',6909),(98,17,'2020-01-01 01:31:40',5843),(7,10,'2020-02-17 18:37:55',9093),(60,29,'2020-02-13 02:49:36',8851),(15,10,'2020-11-08 12:42:46',6579),(94,9,'2019-07-09 01:37:26',8820),(70,7,'2020-07-30 22:38:04',8684),(82,7,'2019-07-02 18:07:13',6917),(5,3,'2019-09-10 16:35:58',2528),(69,3,'2019-12-08 21:14:27',4325),(45,24,'2019-08-30 17:33:03',8966),(56,20,'2019-05-04 00:01:03',3848),(84,18,'2019-07-15 01:11:44',1771),(97,23,'2019-12-31 19:41:04',2994),(99,9,'2019-06-08 06:18:04',8623),(97,23,'2019-09-29 09:26:21',2176),(78,23,'2019-12-01 21:49:37',1455),(37,20,'2019-04-28 03:45:51',7537),(23,16,'2020-05-09 00:41:06',6139),(101,4,'2020-08-04 12:31:44',6822),(90,17,'2020-06-28 03:04:59',3493),(13,12,'2019-07-18 00:04:30',4930),(7,15,'2019-06-06 19:55:16',6258),(30,3,'2019-05-11 10:04:58',1880),(104,2,'2019-07-27 15:19:09',657),(77,6,'2020-11-14 18:47:40',5579),(55,6,'2020-06-06 06:24:19',4984),(97,20,'2020-09-27 17:29:24',1050),(120,16,'2020-09-17 02:37:07',1370),(38,6,'2019-08-28 06:45:38',5899),(119,16,'2020-03-21 12:25:40',5728),(46,23,'2020-03-17 00:27:07',1258),(25,27,'2020-11-10 01:07:08',9120),(10,29,'2020-10-11 23:39:23',1789),(91,21,'2019-11-21 19:11:19',5379),(91,8,'2020-01-20 07:49:52',9472),(31,20,'2020-11-09 21:27:10',6919),(50,13,'2020-01-25 00:57:49',8506),(70,3,'2020-07-24 10:48:58',5800),(19,9,'2020-10-21 11:20:42',5922),(41,25,'2020-03-14 15:39:19',8279),(34,13,'2020-02-08 22:14:42',6290),(33,26,'2019-06-20 23:17:12',1272),(62,12,'2019-07-27 17:21:52',3732),(39,5,'2020-01-10 02:14:15',26),(88,25,'2019-07-30 18:05:07',7299),(104,7,'2020-07-16 07:24:45',6613),(27,26,'2020-08-16 19:47:31',2732),(80,30,'2020-10-23 14:29:28',2482),(94,23,'2020-06-22 07:55:29',971),(53,9,'2020-03-15 20:53:33',7307),(65,5,'2020-10-25 19:43:32',3455),(9,26,'2020-04-28 06:51:19',7940),(59,4,'2020-03-22 10:39:28',8998),(97,26,'2020-04-29 03:53:50',3295),(11,24,'2019-04-14 07:43:13',8309),(10,17,'2020-06-14 10:20:02',2608),(63,21,'2019-06-19 09:46:38',5264),(104,27,'2020-07-21 10:23:49',4),(46,17,'2020-07-07 01:10:06',6663),(65,28,'2020-08-31 08:49:56',2851),(75,25,'2019-06-05 04:21:25',4017),(90,9,'2020-08-31 07:28:06',4890),(102,6,'2019-12-30 23:52:05',7125),(48,10,'2020-08-21 05:14:35',5555),(107,7,'2020-03-24 10:02:05',9974),(87,6,'2020-07-31 21:12:09',3942),(60,12,'2020-09-09 01:39:26',5134),(49,16,'2020-09-21 21:02:54',2060),(22,10,'2020-01-29 12:33:08',6186),(104,15,'2020-10-29 10:04:58',1060),(3,11,'2020-01-25 00:41:43',9176),(106,3,'2020-09-03 16:01:27',3938),(81,29,'2020-06-23 02:57:34',9501),(50,2,'2020-10-17 10:47:13',9314),(16,29,'2020-06-06 02:15:24',2969),(115,26,'2020-10-13 16:39:49',4868),(83,1,'2019-07-25 07:26:18',6927),(66,2,'2019-05-19 06:36:53',5835),(1,17,'2020-05-06 23:11:12',2668),(113,15,'2020-11-15 04:14:41',2259),(35,14,'2020-01-20 02:24:12',9403),(89,25,'2019-08-04 16:08:06',6085),(23,15,'2020-11-09 13:43:04',9000),(25,28,'2019-10-12 13:37:38',8813),(2,3,'2020-03-21 03:02:07',746),(62,20,'2019-08-13 07:25:10',2846),(105,5,'2020-03-24 05:39:14',5640),(113,4,'2020-10-02 07:21:15',1722),(2,21,'2019-06-27 04:24:02',4061),(67,21,'2020-03-24 19:59:32',2631),(25,24,'2020-04-27 14:43:05',4583),(48,17,'2019-04-26 21:44:00',5674),(115,18,'2020-04-21 13:37:54',114),(11,17,'2020-01-08 16:43:50',1611),(82,29,'2020-06-13 00:20:46',7203),(16,11,'2020-04-25 08:11:06',7152),(28,12,'2019-12-08 18:50:06',1899),(6,19,'2019-07-24 08:50:08',5650),(25,4,'2019-05-24 00:29:48',3750),(68,11,'2020-01-13 12:01:08',8823),(80,11,'2019-04-08 00:45:03',8374),(67,28,'2020-03-20 23:59:49',7527),(50,2,'2020-11-01 18:33:03',5014),(89,30,'2020-02-02 11:49:46',3525),(38,21,'2019-09-24 07:16:54',2291),(29,14,'2020-11-03 14:54:22',5621),(52,24,'2019-10-07 09:52:41',9283),(44,25,'2019-06-29 12:08:01',689),(69,16,'2019-04-25 05:09:30',2864),(2,9,'2019-09-05 03:29:20',6567),(84,28,'2020-09-16 03:44:09',7067),(94,4,'2019-08-25 19:36:11',6629),(19,26,'2019-09-24 16:02:52',3065),(61,26,'2020-06-18 21:13:53',5242),(67,4,'2020-02-20 23:19:09',9991),(86,22,'2020-08-20 19:44:36',7558),(12,5,'2019-10-02 03:29:46',428),(82,22,'2020-11-09 15:32:09',3547),(8,17,'2020-07-22 15:21:09',765),(43,1,'2020-08-23 02:41:22',5652),(10,24,'2020-05-08 22:07:01',302),(46,22,'2019-10-25 23:22:27',4096),(79,24,'2019-06-24 23:40:10',4090),(9,24,'2019-12-29 00:07:06',4547),(20,5,'2020-09-21 03:25:51',5661),(28,17,'2019-11-19 01:59:34',9961),(60,4,'2019-07-23 19:11:20',7037),(46,29,'2020-10-19 20:52:15',1225),(93,23,'2020-09-01 20:00:17',9872),(29,7,'2020-09-15 14:21:19',6858),(81,23,'2020-08-16 11:56:54',7337),(71,20,'2020-11-08 07:35:50',3149),(62,23,'2019-09-26 02:06:02',2712),(18,26,'2020-01-06 12:38:48',8121),(72,2,'2020-08-02 15:32:05',3306),(31,7,'2019-07-05 02:29:55',1975),(46,17,'2019-08-14 18:28:33',3189),(102,13,'2019-04-22 16:07:10',8546),(25,4,'2020-08-08 04:39:48',8296),(70,22,'2020-09-03 21:39:02',6422),(95,20,'2019-10-30 07:03:51',4680),(95,29,'2019-09-23 17:35:30',5716),(33,24,'2019-11-28 21:40:52',5279),(24,10,'2020-03-05 00:29:24',1583),(55,3,'2020-06-08 01:49:52',3351),(79,21,'2019-09-06 08:04:19',5719),(108,15,'2019-04-28 04:21:24',7829),(35,24,'2020-04-19 14:44:08',9284),(48,11,'2020-06-07 21:27:24',4941),(35,6,'2020-05-02 18:25:51',9405),(75,29,'2019-06-12 06:41:02',146),(56,22,'2019-04-09 15:06:10',2695),(11,25,'2020-08-07 20:33:16',2475),(2,19,'2019-07-15 11:59:23',7910),(14,25,'2019-06-08 01:15:19',2500),(95,28,'2020-01-16 08:58:57',798),(67,27,'2020-08-22 23:03:55',2576),(67,17,'2020-02-02 20:29:57',5660),(73,5,'2020-08-10 14:51:32',9305),(9,3,'2019-09-15 03:22:13',9722),(34,29,'2020-06-27 12:22:57',1607),(40,20,'2019-07-19 15:39:35',86),(58,11,'2019-05-09 14:42:42',8932),(14,24,'2020-01-06 08:46:45',4354),(83,30,'2020-05-03 16:13:21',6463),(109,14,'2020-10-21 04:20:25',9984),(38,7,'2019-11-22 03:39:12',684),(50,30,'2020-10-12 12:28:29',7465),(2,4,'2020-02-02 02:06:14',441),(43,18,'2020-03-22 10:27:50',6823),(17,9,'2019-06-27 15:22:09',6525),(118,9,'2019-08-13 14:22:55',3915),(30,4,'2019-07-16 11:30:54',8525),(47,21,'2019-08-01 03:49:36',6092),(3,30,'2020-11-06 09:42:42',5407),(41,4,'2019-06-14 07:55:02',9692),(96,3,'2019-12-28 12:00:20',1514),(21,10,'2019-09-15 12:56:14',9758),(15,26,'2019-07-21 20:24:20',7846),(57,20,'2019-05-26 23:31:00',4194),(110,14,'2019-04-07 23:39:15',5084),(83,15,'2020-01-06 10:48:23',9884),(50,8,'2019-08-07 07:20:00',4814),(51,28,'2020-05-02 03:28:46',4786),(71,13,'2020-02-10 09:07:31',2647),(115,24,'2019-06-29 03:40:54',7918),(97,5,'2019-08-16 21:46:41',4444),(14,2,'2020-03-27 05:33:47',3850);
/*!40000 ALTER TABLE `bought_record` ENABLE KEYS */;
UNLOCK TABLES;

--
-- Table structure for table `customer`
--

DROP TABLE IF EXISTS `customer`;
/*!40101 SET @saved_cs_client     = @@character_set_client */;
/*!40101 SET character_set_client = utf8 */;
CREATE TABLE `customer` (
  `id` int(11) NOT NULL AUTO_INCREMENT,
  `username` varchar(16) NOT NULL,
  `address` varchar(100) DEFAULT NULL,
  `phone` varchar(11) DEFAULT NULL,
  `email` varchar(60) NOT NULL,
  PRIMARY KEY (`id`)
) ENGINE=InnoDB AUTO_INCREMENT=121 DEFAULT CHARSET=utf8mb4;
/*!40101 SET character_set_client = @saved_cs_client */;

--
-- Dumping data for table `customer`
--

LOCK TABLES `customer` WRITE;
/*!40000 ALTER TABLE `customer` DISABLE KEYS */;
INSERT INTO `customer` VALUES (1,'姚玉珍','福建省梅县房山南京路o座 523441','15196198275','junzhao@hotmail.com'),(2,'谢璐','广东省天津市崇文兰州路E座 193308','18023913345','juan34@gmail.com'),(3,'周秀梅','新疆维吾尔自治区六盘水县新城何路n座 880247','13657653447','weidai@taoqin.cn'),(4,'王璐','台湾省秀英市大东潮州街d座 251265','15615364222','jietan@ww.cn'),(5,'章玲','吉林省齐齐哈尔县大兴崔街Z座 577263','18717929580','ping84@yahoo.com'),(6,'曹飞','辽宁省广州市怀柔黎街Z座 582781','14559286601','ycao@yahoo.com'),(7,'沈建华','山东省坤市龙潭柳州路w座 891557','13863071420','yan42@gmail.com'),(8,'赖玉华','上海市小红县友好成都街n座 741004','13102675736','dujun@liming.cn'),(9,'段淑英','澳门特别行政区华市清城荆门街I座 796085','13096665016','xiejun@yahoo.com'),(10,'赵楠','重庆市嘉禾县城北哈尔滨街k座 371818','15580973095','fanghe@yahoo.com'),(11,'王欢','河北省东莞市城东海口路v座 328574','13022073031','blei@yahoo.com'),(12,'黄涛','上海市丽县西夏沈阳路z座 293137','15092842243','huguiying@70.cn'),(13,'程阳','云南省凤英市高坪李路A座 323396','13823838016','juanzhang@hotmail.com'),(14,'李桂兰','安徽省兰州县上街潜江路e座 144264','13438627314','vxiang@62.cn'),(15,'侯文','陕西省成市长寿上海路e座 717339','18717462914','li57@hotmail.com'),(16,'唐亮','甘肃省玉兰市淄川广州街m座 460137','15753477793','yanliu@chenliu.cn'),(17,'廖凤英','湖北省石家庄市永川辛集街w座 517535','13009543776','ping49@09.cn'),(18,'覃林','山西省东县房山张路U座 851832','18776958310','wei40@yahoo.com'),(19,'洪红','福建省西宁市吉区惠州街w座 772270','13254867813','junmeng@jingxiuying.com'),(20,'刘欣','香港特别行政区沈阳县南长黎路a座 329087','15154547482','yan69@gmail.com'),(21,'刘英','香港特别行政区丽娟县华龙王街V座 651832','13205199720','li12@gmail.com'),(22,'杨想','西藏自治区六安县安次兴安盟街C座 693871','18287211032','qiang61@gmail.com'),(23,'张秀华','广东省丽华县牧野海口街U座 602625','15882410690','lei52@gmail.com'),(24,'赵春梅','河南省云县吉区济南街t座 237912','18606751689','esun@vr.cn'),(25,'王鹏','福建省淑珍县江北济南街N座 778501','13399807119','nsun@tao.net'),(26,'吴建华','安徽省萍县金平台北路S座 781455','14591442393','qiang32@gmail.com'),(27,'武倩','辽宁省长春市南湖天津街P座 894760','18658880320','weihao@wu.cn'),(28,'曾婷婷','黑龙江省杨市怀柔通辽路A座 460601','13417989818','yuangang@hotmail.com'),(29,'曹帅','河北省军县海陵张路E座 581825','13372545324','liuyong@gmail.com'),(30,'陈梅','新疆维吾尔自治区倩县萧山赵街m座 939064','15819084597','xiulan20@yahoo.com'),(31,'李静','澳门特别行政区丽娟县永川北镇路O座 119830','18242950119','rlong@yahoo.com'),(32,'项凤兰','西藏自治区雪市西夏苏路T座 559842','14708695688','weimao@xiulangang.cn'),(33,'戴楠','河北省梅县友好李路C座 661697','15108543606','eyu@gmail.com'),(34,'王柳','安徽省合肥县高港周路L座 970917','13789920320','sunxiuying@43.cn'),(35,'李凤英','重庆市西安市高明李街N座 185836','13862905103','juan94@juanlin.cn'),(36,'程燕','四川省通辽县友好何路d座 653964','13875990026','na13@hm.net'),(37,'穆芳','山东省利市门头沟辛集街t座 338181','18515232588','adong@xiongtao.cn'),(38,'张建军','湖北省秀梅县平山贵阳路d座 904143','13738179278','sufang@gmail.com'),(39,'张鑫','上海市武汉市和平南昌路c座 446636','13532551498','shaojun@yahoo.com'),(40,'兰丽华','河南省婷市丰都六盘水路k座 388787','18516623058','kduan@yanlai.com'),(41,'刘勇','陕西省颖市牧野何路B座 493833','15841847990','junhu@nawei.cn'),(42,'安军','云南省长沙县上街胡街c座 111342','15251982470','vzhu@yahoo.com'),(43,'孙桂珍','山西省浩市合川澳门路T座 635360','18645125808','pingzhou@yahoo.com'),(44,'李杨','陕西省武汉市锡山重庆路H座 814217','13755602586','iwan@hotmail.com'),(45,'韦杨','黑龙江省嘉禾市江北潜江路d座 271164','18855206470','jing48@hotmail.com'),(46,'赵博','贵州省广州市西峰福州路t座 255626','13596868976','ftian@gmail.com'),(47,'蔡强','陕西省秀英市清河阜新街x座 316691','15549527208','guiyingqian@yizhong.cn'),(48,'万博','贵州省娟县魏都大冶路z座 116982','18974477521','weizhao@yanshi.cn'),(49,'吴文','陕西省明县西夏敖街y座 227990','18196737346','xiangjing@gong.net'),(50,'王秀荣','西藏自治区娟市南长刘街r座 111397','18138746678','jiecui@chao.cn'),(51,'张秀荣','台湾省兴城市双滦刘街e座 395691','13862211602','mhou@licao.cn'),(52,'汪想','内蒙古自治区福州县大东张家港路Q座 214454','13484834518','tao49@yahoo.com'),(53,'任红梅','广东省凯市大兴黄街y座 540150','13179689717','jie36@hotmail.com'),(54,'张淑华','安徽省英市闵行石家庄路x座 676697','14589457259','fufang@yahoo.com'),(55,'史桂香','湖南省玉珍县璧山武街h座 116218','18235180269','otian@37.org'),(56,'李淑兰','黑龙江省秀华县梁平姜路I座 235411','18560960488','mingwu@hotmail.com'),(57,'孙旭','山东省欣市秀英合山街n座 224440','13705992479','xiulan78@hotmail.com'),(58,'唐桂英','安徽省文县涪城昆明街A座 873358','14513953016','gumin@hotmail.com'),(59,'董秀芳','海南省璐县海港丁路J座 789754','15316828524','xionglei@yanyan.net'),(60,'叶凯','浙江省桂花市大东合山路l座 127079','18631127078','leiliang@gmail.com'),(61,'王红梅','江苏省晶市沈河西安街s座 244451','13959005218','guiying07@gmail.com'),(62,'张冬梅','安徽省秀荣市花溪毕路T座 970727','14529423057','yaoping@hotmail.com'),(63,'宋雪梅','云南省旭市城北孟街j座 832755','13917277271','chaopeng@ia.cn'),(64,'唐鑫','青海省桂珍市城东李路K座 831986','13902125361','ming72@gmail.com'),(65,'李芳','西藏自治区雪市浔阳赵路t座 794727','15615499497','lduan@qiang.net'),(66,'赵娟','四川省莹县城北蒋路s座 241296','15660966336','chao52@yangchang.cn'),(67,'赵秀梅','新疆维吾尔自治区柳州市高明香港街W座 372689','13144220887','lujie@gmail.com'),(68,'朱文','青海省雪县清河淮安街N座 183578','18208473255','haojie@weimeng.cn'),(69,'秦淑华','湖南省丹县安次辛集路l座 474203','15851623074','yzou@90.cn'),(70,'徐桂荣','四川省宁德市长寿陈路A座 649518','18631942068','chao38@hotmail.com'),(71,'杜秀云','吉林省琳市滨城廉街B座 969579','13080220218','jing96@hotmail.com'),(72,'陆杰','北京市潮州市清城陈路Q座 980723','14593910332','ping35@hotmail.com'),(73,'赵玉华','重庆市丽丽县吉区张家港路N座 434974','18628281501','yanqiao@gmail.com'),(74,'徐淑兰','云南省杭州市滨城柯路e座 817523','18157753471','psun@taoyang.cn'),(75,'董荣','河南省武汉市上街黄路Q座 669053','18960143108','yexiulan@hotmail.com'),(76,'蔡建华','广东省荣市友好宜都路F座 184661','15541227126','juan32@hotmail.com'),(77,'杨英','吉林省石家庄县翔安成都路s座 159705','18080830344','wxiang@hu.com'),(78,'洪华','重庆市沈阳市梁平济南街b座 435153','15968616321','hgu@hotmail.com'),(79,'盛柳','黑龙江省瑞县蓟州兴城街n座 711252','13547143286','dsun@gmail.com'),(80,'谢欢','宁夏回族自治区潮州县友好兰州路N座 589678','15389319018','leiwan@fangxie.cn'),(81,'高秀芳','海南省玉英市静安梧州路g座 496052','15943385870','gangcheng@zhouren.net'),(82,'邸琳','浙江省南京市清城西宁街T座 775839','18907078256','jtao@28.cn'),(83,'谢玉英','山西省桂荣市清河周路G座 364243','15356874786','guowei@jun.cn'),(84,'傅峰','辽宁省淑兰市璧山关岭路q座 381012','14752618935','txu@han.com'),(85,'谢鑫','河南省慧县兴山马街C座 948214','13059396129','xiongna@gmail.com'),(86,'李丽娟','吉林省哈尔滨市静安石家庄路Q座 813345','15290856877','shenli@yahoo.com'),(87,'李凤英','宁夏回族自治区洋县门头沟张街Z座 325161','13095247533','qiang10@gmail.com'),(88,'张成','北京市汕尾县东丽郑州路Q座 341884','13036837043','ykang@gmail.com'),(89,'唐柳','重庆市平市友好福州路z座 572342','15286561535','elei@hotmail.com'),(90,'谭玲','宁夏回族自治区佳县长寿宗街t座 848405','13153827951','zgong@vi.com'),(91,'俞秀英','湖北省静市大兴刘路P座 938966','18743371675','xiaojie@gangqiang.cn'),(92,'刘莉','湖南省关岭县滨城陈路y座 371560','13321390108','yuanjie@yahoo.com'),(93,'夏瑜','西藏自治区旭县山亭兴安盟路Q座 708833','13233207038','minmo@gmail.com'),(94,'梁红霞','陕西省旭市涪城崔路c座 665431','18002579882','aliang@hotmail.com'),(95,'牛浩','贵州省台北市朝阳北京路m座 157238','13613455729','guiyingye@chaoduan.cn'),(96,'侯飞','河北省俊市城北邯郸路H座 582981','18966293534','duyan@qs.com'),(97,'曾帅','湖南省秀云市城北柳州路O座 285796','13900174177','minqiao@hotmail.com'),(98,'石淑华','吉林省杭州县淄川李街v座 417243','13954241039','tjin@cai.org'),(99,'练雪梅','海南省北镇市城东银川路Q座 186897','13502004785','weiqian@yahoo.com'),(100,'宋峰','澳门特别行政区武汉县闵行惠州路k座 443048','15909830319','xhu@hotmail.com'),(101,'谢畅','广西壮族自治区桂花县龙潭兰州路W座 210151','18564518631','xyuan@yahoo.com'),(102,'陈桂香','浙江省琴县西峰龙街y座 104013','14504036454','fzhao@min.cn'),(103,'杨冬梅','香港特别行政区贵阳县黄浦合山街s座 392853','15052205037','chao92@yahoo.com'),(104,'郝文','河南省淮安县沈河杭州街w座 681416','13695348297','yangyu@yahoo.com'),(105,'李华','安徽省沈阳市大兴萧路W座 316906','18296956993','panjing@lei.net'),(106,'黄丽华','宁夏回族自治区长春县合川长沙路O座 708473','18954709086','gongjing@gmail.com'),(107,'李凤英','山西省兵县新城韦路Y座 930218','15096909589','bmo@xuyuan.cn'),(108,'阎荣','安徽省洁市长寿陆路w座 872662','13337375315','yan59@gmail.com'),(109,'李杨','山西省玉英县怀柔高路s座 554405','18174325594','laiping@weilei.cn'),(110,'薛娟','西藏自治区哈尔滨县高明合肥路L座 342596','14777422459','pinglei@yahoo.com'),(111,'祁桂香','香港特别行政区关岭县沈河北京路C座 135359','14594508030','guojuan@fanghao.net'),(112,'覃秀英','山东省倩县海陵惠州街S座 229897','18278104112','chao28@yahoo.com'),(113,'柳平','河北省嘉禾县静安荆门路d座 120779','18653544974','byan@yongjin.cn'),(114,'庞晶','江西省梧州县上街刘路k座 788103','15292521837','yan24@14.cn'),(115,'陈想','澳门特别行政区萍市朝阳哈尔滨路k座 176227','13045817785','juantian@22.net'),(116,'李梅','江西省秀珍市东城李街v座 324064','18116120755','yujing@hotmail.com'),(117,'陶兰英','贵州省飞县东丽吴路b座 598519','14769734930','xiaxiong@xiapan.cn'),(118,'陈桂珍','陕西省莹县山亭李街k座 672593','13478634628','qianxiuying@gmail.com'),(119,'刘欣','云南省桂兰县兴山宁德路A座 169600','18778094831','minglong@hotmail.com'),(120,'姜秀华','吉林省南京市兴山刘街u座 691080','15316708570','ffeng@yahoo.com');
/*!40000 ALTER TABLE `customer` ENABLE KEYS */;
UNLOCK TABLES;

--
-- Table structure for table `my_user`
--

DROP TABLE IF EXISTS `my_user`;
/*!40101 SET @saved_cs_client     = @@character_set_client */;
/*!40101 SET character_set_client = utf8 */;
CREATE TABLE `my_user` (
  `user_id` int(11) NOT NULL AUTO_INCREMENT,
  `username` varchar(16) NOT NULL,
  `address` varchar(100) DEFAULT NULL,
  `phone` varchar(11) DEFAULT NULL,
  `email` varchar(60) NOT NULL,
  PRIMARY KEY (`user_id`)
) ENGINE=InnoDB AUTO_INCREMENT=1001 DEFAULT CHARSET=utf8mb4;
/*!40101 SET character_set_client = @saved_cs_client */;

--
-- Dumping data for table `my_user`
--

LOCK TABLES `my_user` WRITE;
/*!40000 ALTER TABLE `my_user` DISABLE KEYS */;
INSERT INTO `my_user` VALUES (1,'罗兰英','湖北省娟市永川巢湖街c座 299333','13209762205','zjiang@yahoo.com'),(2,'何瑞','甘肃省桂兰市海港洪路w座 659662','15072725994','rsu@hotmail.com'),(3,'陈亮','澳门特别行政区玉兰市清城海门街u座 550414','14575214301','juan57@gmail.com'),(4,'石婷','北京市瑞市清河福州街f座 491640','15039469208','xuechao@wan.cn'),(5,'赵桂花','天津市合山县大兴沈街O座 270697','14795582376','ming77@shaoye.cn'),(6,'陈欢','河南省广州县秀英周路w座 921181','13501956803','juan61@gmail.com'),(7,'曾云','安徽省琳县清浦六盘水路O座 756863','15304568776','xiuying91@69.cn'),(8,'吴红','贵州省亮市涪城石家庄路c座 592174','13037598115','sdeng@shen.cn'),(9,'高玉英','江西省哈尔滨县浔阳台北街r座 112323','13134252180','yeyan@yahoo.com'),(10,'史鑫','西藏自治区勇县牧野张路j座 257588','15244389060','xiulan41@64.cn'),(11,'李桂花','吉林省秀华县沈河阜新路M座 623725','13728391762','mingliang@16.cn'),(12,'萧杨','广西壮族自治区勇市合川蒋街g座 564093','15795092701','azhu@gmail.com'),(13,'李华','湖南省平县大东关岭路L座 421975','18226767920','jinjie@mi.cn'),(14,'黄浩','河北省兰州县沙市唐街e座 463486','18803409250','yanhu@gmail.com'),(15,'霍梅','黑龙江省北镇市海陵重庆街y座 430661','15577253169','qiangkong@hotmail.com'),(16,'黄兵','甘肃省淑华市金平刘路t座 323577','13533030084','jingyuan@chengfu.net'),(17,'蒋婷','江西省邯郸市南长张路g座 960559','15908054332','maojuan@hotmail.com'),(18,'黄秀兰','广西壮族自治区宜都县兴山海门街C座 258770','15892596344','pingyan@47.cn'),(19,'严玉兰','黑龙江省丽娟市南溪佛山街h座 436211','13134160938','xuyang@yahoo.com'),(20,'高建平','海南省英县秀英六盘水路H座 677264','18707732150','yansun@guyao.cn'),(21,'李涛','山西省琴市高港通辽路P座 312298','15947141170','sjiang@gmail.com'),(22,'张兵','新疆维吾尔自治区玉梅市滨城潜江路P座 372337','13335373968','houtao@guiyingxiuying.cn'),(23,'徐楠','河南省哈尔滨市高坪淮安路H座 368033','18706431166','qiang24@guiyingchang.org'),(24,'许玉兰','黑龙江省秀珍市高港凌街R座 635946','18913655153','caifang@hao.cn'),(25,'郭健','安徽省亮县高港李路Y座 563616','18529624254','mjia@gmail.com'),(26,'温飞','四川省广州县南湖周路f座 491914','13414364478','along@minlei.cn'),(27,'彭冬梅','湖北省北京市城东彭路U座 196488','13860333128','na52@liao.cn'),(28,'马建军','青海省军市海陵张街G座 303279','13583904049','xuxia@hotmail.com'),(29,'梁建华','云南省邯郸县滨城戴路y座 453842','18656106846','sye@nw.cn'),(30,'周斌','海南省洁市孝南海口街G座 584006','15783118043','li96@gmail.com'),(31,'吴倩','内蒙古自治区桂兰市长寿杨街C座 194873','15118162489','xiangming@gmail.com'),(32,'徐莉','河北省北镇市沈北新奚街S座 929637','14767965259','jing99@yahoo.com'),(33,'李丽华','湖北省合山县南长淮安路V座 404811','18741218411','jingxu@weideng.cn'),(34,'徐燕','安徽省兰英市友好澳门路v座 496634','15880653455','panxia@jy.cn'),(35,'张玉','云南省兴城市黄浦朱街v座 317564','18291852020','xiulan32@gmail.com'),(36,'胡莹','台湾省长沙县友好长沙路I座 528240','18782624792','ohuang@gmail.com'),(37,'彭静','台湾省南京县山亭王路Z座 912958','13685515428','ming38@57.cn'),(38,'李颖','重庆市兴安盟市永川王街L座 808197','13839310387','chenping@gmail.com'),(39,'毕颖','浙江省上海市普陀上海路j座 768394','14793875888','jieyang@yan.cn'),(40,'陈雷','山东省淑华县梁平王路D座 206160','15655072576','xiacao@minhao.cn'),(41,'李坤','天津市秀珍县大东裘街C座 545106','18071568741','ligao@hotmail.com'),(42,'周秀华','天津市博市普陀姚街j座 667046','14578558031','zhaoxiuying@wei.cn'),(43,'丁玲','黑龙江省冬梅市丰都林路p座 179062','13854230084','qiangjin@gangtan.net'),(44,'徐冬梅','湖北省马鞍山县上街解路A座 824424','14714060114','minchen@hotmail.com'),(45,'张玉','山西省玉珍市合川梧州街k座 342295','13686096375','xiulan13@jieli.cn'),(46,'龙柳','广东省想县西峰冯街n座 769028','15842762958','chao81@fang.net'),(47,'魏丽娟','西藏自治区香港县大兴陈路W座 199968','14512028118','tao21@junjing.cn'),(48,'邓莉','安徽省乌鲁木齐市静安梧州街B座 486937','18921219565','lding@kongqin.cn'),(49,'熊秀梅','陕西省霞市南长高街G座 182146','15212162030','xiulanlei@songgong.cn'),(50,'梁玉梅','四川省西宁县海港西安路r座 613415','18019325548','xiulanzheng@zoucheng.cn'),(51,'张桂英','山西省建县魏都长春街x座 901905','15673849321','cfang@gmail.com'),(52,'刘帆','内蒙古自治区昆明市萧山郑街R座 681555','15184841211','xiulanlu@hotmail.com'),(53,'杨勇','甘肃省关岭县沈河郭街u座 468332','15583050548','jing61@jingtian.cn'),(54,'曹丽','山西省台北县山亭台北街u座 377188','15202749545','ytan@nalin.cn'),(55,'董斌','河北省杰市清河柳州街O座 374252','18631107377','gang40@gangyu.cn'),(56,'郭宁','上海市汕尾市魏都邓路N座 527190','15597067916','mindu@hotmail.com'),(57,'柯桂花','陕西省平市门头沟阜新路t座 875636','15908056279','jing26@xiangmao.net'),(58,'范桂芳','海南省杨县城北李路R座 718951','13344605440','ming19@88.cn'),(59,'李娟','天津市建华市孝南兴安盟街P座 519818','15133028782','wanxia@gmail.com'),(60,'梁辉','内蒙古自治区桂珍市山亭上海路Z座 617331','13796990537','jun19@xiuyingyan.cn'),(61,'韩波','甘肃省长沙县江北李街a座 962186','15313305720','dongyan@51.net'),(62,'张燕','西藏自治区秀荣县滨城王街i座 645659','15271445252','jun63@ib.net'),(63,'陶敏','海南省香港县徐汇孟街U座 365748','15988307855','jun57@yang.cn'),(64,'郭丽','湖南省六安县西夏王街q座 162731','15653307603','gongmin@yangyu.cn'),(65,'王霞','宁夏回族自治区柳县魏都卢路E座 216094','15651640583','uyin@yahoo.com'),(66,'樊秀英','天津市马鞍山县永川陈路l座 711817','18150842089','yan69@mintao.cn'),(67,'余秀华','内蒙古自治区丹市永川吕街V座 216214','14786233188','ugong@yahoo.com'),(68,'王杰','贵州省峰市高坪成都路u座 791455','13461376141','fangsu@se.cn'),(69,'黎雪','北京市波县黄浦嘉禾路O座 909381','15057563242','pfu@hotmail.com'),(70,'马丽丽','上海市潜江县山亭海门路v座 413560','18296015290','jchang@xiana.cn'),(71,'张峰','广东省永安市沙湾何街o座 951128','14776447662','pingzhu@gmail.com'),(72,'刘丽','香港特别行政区勇市黄浦兴城街t座 554564','13342882359','qiang23@guiying.cn'),(73,'秦静','黑龙江省西安县平山韩街t座 963041','18902203748','chaoshen@shao.cn'),(74,'赵勇','香港特别行政区香港县和平长春路y座 534840','13555406493','hujuan@95.cn'),(75,'李峰','吉林省天津县魏都黄街J座 475459','15747727200','tao54@hotmail.com'),(76,'李丽娟','重庆市马鞍山市萧山重庆路H座 535992','13899444073','usu@hotmail.com'),(77,'吴彬','四川省云县东丽哈尔滨路S座 836487','18869315034','wei61@yahoo.com'),(78,'胡洋','澳门特别行政区汕尾县友好张家港路C座 472787','18721394586','xiulanye@lei.cn'),(79,'王萍','黑龙江省贵阳县秀英汕尾路W座 180926','13594111151','duanjun@rencai.cn'),(80,'左玉兰','江西省巢湖市静安惠州街P座 651023','13165401279','fangzhu@leilin.cn'),(81,'余建','江苏省建华县西峰陈路Y座 965518','15766137761','yanxue@taoming.cn'),(82,'刘琳','贵州省英市清河梁路H座 433268','13418264620','pyi@haoliao.cn'),(83,'黄凤英','广东省帆县东城李街k座 315353','18267052903','yan13@yahoo.com'),(84,'傅俊','黑龙江省哈尔滨县友好大冶街V座 856807','15068162904','qhu@gmail.com'),(85,'李婷','四川省大冶县高明杭州路Z座 193254','13871035328','zengjing@gmail.com'),(86,'章荣','浙江省莹县高明六安路u座 356317','18122826044','gang26@taojiang.cn'),(87,'何军','安徽省西安市锡山丁街O座 607135','15186195416','chao@gmail.com'),(88,'季荣','广东省金凤县清浦王街f座 800989','13805205471','linping@jingchen.cn'),(89,'张凤兰','江西省玉华市长寿李路g座 606925','18073267691','wlin@92.cn'),(90,'王伟','安徽省巢湖县淄川郑州街C座 160624','13141488299','fangping@yahoo.com'),(91,'阮莹','河北省楠市南溪叶街W座 210721','15140275261','yangchen@namin.com'),(92,'钟兵','青海省六盘水市丰都长春街H座 109500','13520377054','mayong@yahoo.com'),(93,'关丹','台湾省丽华市丰都张路N座 130267','14739871430','fang93@gmail.com'),(94,'赵晨','吉林省斌市南湖何路u座 252606','15984382134','xiaowei@hotmail.com'),(95,'熊玉梅','山西省桂花市友好瞿街d座 490836','15516376976','hchen@ie.net'),(96,'乔红梅','湖北省嘉禾县大兴张街x座 450267','15919413107','qiangwu@wf.cn'),(97,'江萍','陕西省西宁市锡山沈阳街J座 889582','15697306302','kongli@hotmail.com'),(98,'赵萍','河北省刚县门头沟石家庄路p座 591054','13417319976','wangmin@hotmail.com'),(99,'谢玉','安徽省凤英县新城吕路v座 233474','18814787751','min84@gmail.com'),(100,'袁东','四川省峰县崇文陈路A座 153300','18505517859','pinglong@gmail.com'),(101,'徐平','香港特别行政区哈尔滨县高明李街l座 751723','15557069696','weiren@yahoo.com'),(102,'许秀兰','北京市长春县海陵北镇街S座 427186','18944791245','xgong@yu.cn'),(103,'童东','湖南省宁德市长寿台北街T座 243161','15188562245','jshao@xiulan.cn'),(104,'王莉','北京市西安市永川辽阳街t座 176398','13398012224','taoyan@77.cn'),(105,'张斌','河南省兰州县高港张家港路U座 547354','15900821511','yantao@yimao.cn'),(106,'汪璐','安徽省畅县华龙梧州路O座 103075','15936039322','jingkang@gmail.com'),(107,'王丽','甘肃省玉英县江北冯街w座 820148','18095908428','tanjie@hotmail.com'),(108,'袁斌','贵州省乌鲁木齐县魏都蔡街x座 822742','14742521206','yan57@51.net'),(109,'阿玉梅','青海省玉梅市金平周街z座 652749','18768196277','jingtian@yahoo.com'),(110,'卞红','黑龙江省佛山市大东郑街U座 609497','15588730764','ahao@gmail.com'),(111,'聂雪','吉林省宁德市崇文兰州街V座 806117','13733707557','shenmin@gmail.com'),(112,'何阳','湖北省丽华市西峰齐齐哈尔街o座 286596','15233055895','egu@72.org'),(113,'张兵','西藏自治区宜都市金平深圳街R座 798415','15648409272','rtan@01.net'),(114,'郭晨','河南省博市金平周路O座 466544','15846112677','haojing@yahoo.com'),(115,'徐岩','吉林省刚市翔安马鞍山街j座 456626','18914090977','ogong@cui.net'),(116,'廖成','河北省通辽县梁平郑路M座 526526','18758057297','pingma@yahoo.com'),(117,'孙瑜','广西壮族自治区齐齐哈尔市沈北新淮安路X座 145767','15136204461','ping82@weilu.cn'),(118,'刘秀珍','河北省欣县双滦徐街Y座 900989','13449941170','nkong@gong.cn'),(119,'曾坤','内蒙古自治区倩县安次东莞街G座 210515','15128603328','xia10@km.cn'),(120,'张坤','海南省军市魏都荆门路d座 647173','18815564655','ptan@ming.net'),(121,'王梅','宁夏回族自治区昆明县东丽李街n座 247182','15117470098','juanhe@hotmail.com'),(122,'刘峰','江西省敏市徐汇邯郸路r座 689071','13613992979','cyin@xu.cn'),(123,'高琳','新疆维吾尔自治区桂花市萧山芦街k座 196852','18238827011','yan11@47.cn'),(124,'倪红','云南省海燕市南湖乌鲁木齐路Z座 505195','15556350214','natang@gmail.com'),(125,'宫燕','山东省哈尔滨县蓟州齐齐哈尔街N座 565275','18859158568','wdeng@yahoo.com'),(126,'宋飞','香港特别行政区秀梅县蓟州大冶路Q座 501851','13774960035','xiuying37@hotmail.com'),(127,'侯秀云','四川省潜江县六枝特赵街D座 512848','14537856641','rhou@vj.com'),(128,'虞阳','青海省宁德市海陵潮州路P座 743399','15886074149','guoguiying@gmail.com'),(129,'刘瑜','澳门特别行政区关岭市上街沈阳街Q座 500199','18677601208','pli@yahoo.com'),(130,'王波','黑龙江省哈尔滨县丰都北镇路T座 208735','18566822201','qsun@hotmail.com'),(131,'张桂兰','海南省沈阳市房山北镇路o座 855371','15673693460','yang71@chao.cn'),(132,'石英','天津市南昌市黄浦李路j座 761012','13575749615','yzhong@xiulanhuang.cn'),(133,'谭东','湖南省玉珍市东丽翟街j座 453769','18256155536','xiulanxia@yahoo.com'),(134,'郭秀荣','北京市杨县海港李路z座 102796','15883653131','fengwei@gmail.com'),(135,'余林','山东省海燕市平山张街t座 183713','15729918611','pengtao@20.cn'),(136,'欧建平','江苏省兰州市和平汤路b座 441857','18556860389','tyang@xia.org'),(137,'黄桂香','吉林省博市海港王路U座 315512','13581477027','zhaolei@qiukang.cn'),(138,'张文','澳门特别行政区彬市江北沈阳路R座 133116','15565868546','tao60@38.cn'),(139,'何玉华','上海市深圳市涪城北镇路x座 959474','13749379647','pyan@hotmail.com'),(140,'原辉','江苏省晶市合川昆明路e座 392454','13662624771','ping11@hotmail.com'),(141,'胡淑英','湖北省亮县魏都辛集路x座 567941','15647729520','jing12@yahoo.com'),(142,'焦璐','江西省燕市双滦王路U座 317497','13085494026','li73@junlai.cn'),(143,'冯玉英','西藏自治区合肥市徐汇王路L座 766135','15872972475','wfu@hotmail.com'),(144,'马兵','江苏省帅市合川兴安盟街p座 963200','18017717537','vcao@yahoo.com'),(145,'陈秀芳','西藏自治区西宁县城北林街b座 956098','15688738154','gang04@gao.cn'),(146,'廉坤','河北省林县友好黄路V座 816986','15881373123','tao95@hotmail.com'),(147,'孙云','新疆维吾尔自治区呼和浩特市友好叶街K座 335883','18688606217','na82@bx.cn'),(148,'张亮','浙江省贵阳县南长巫路z座 675776','18206758535','liangxiuying@gmail.com'),(149,'李帆','江西省宁县华龙傅路l座 868627','18092317604','xiangjing@gmail.com'),(150,'甘云','广西壮族自治区桂芳县大东海门街H座 933161','13855747072','ndai@qx.cn'),(151,'刘超','广东省海门县大东尹街c座 666521','18649761103','yanshi@hotmail.com'),(152,'姚琴','北京市乌鲁木齐市兴山农路L座 572097','15823751606','yongxu@ping.cn'),(153,'冉岩','重庆市南京县房山长沙街n座 570235','14526474586','junshen@gang.cn'),(154,'罗琳','河南省亮县丰都广州街r座 100316','13673545907','weima@cuiyuan.cn'),(155,'桂帅','香港特别行政区柳州县大东通辽街m座 751532','14519207358','tfu@qiang.cn'),(156,'朱雷','江西省海口市安次禹街K座 893130','15827891923','pengtao@fang.cn'),(157,'李玉兰','海南省俊市江北昆明街s座 512949','15169736717','wding@chao.cn'),(158,'郭莹','安徽省燕市璧山巢湖街k座 485937','13857206713','jiamin@yahoo.com'),(159,'黄小红','甘肃省通辽县璧山巢湖街G座 509858','18726926780','guiying44@xiagong.cn'),(160,'李兰英','上海市淑华市南长潮州街A座 360825','15852411075','bhan@yahoo.com'),(161,'艾刚','香港特别行政区佳市璧山张路L座 879684','13567774724','zhenggang@wei.cn'),(162,'邱彬','陕西省南昌市南湖陈街N座 212499','13283740722','vdong@gmail.com'),(163,'李红霞','浙江省丹丹县海陵成都街u座 768168','13339316719','yan43@jie.cn'),(164,'张阳','江西省帆县秀英乌鲁木齐路W座 899431','15513561080','yongjiang@xiulan.cn'),(165,'顾燕','江西省沈阳市城东成路m座 123408','15804779672','vxiang@gmail.com'),(166,'郭雪梅','台湾省淑英市南溪符路h座 447289','18172662721','mingguo@gmail.com'),(167,'胡建','四川省想县沈北新徐街k座 859462','18139801200','jieliu@gangqin.org'),(168,'鲜冬梅','香港特别行政区太原县南溪梧州街H座 260098','13752880712','pingfeng@mj.cn'),(169,'李敏','黑龙江省英县大兴徐街Y座 826114','14596658743','cqian@hotmail.com'),(170,'张想','山西省静市滨城黄街W座 412889','15666476591','mzeng@gmail.com'),(171,'王建华','贵州省张家港市兴山张街r座 521795','14737980789','zpan@gmail.com'),(172,'李玲','海南省晶县友好太原路K座 630273','15121286664','junzheng@06.cn'),(173,'李淑英','黑龙江省玉县沈河通辽街Y座 801636','14793032958','ganglin@hotmail.com'),(174,'陈桂花','天津市秀荣市永川戴路J座 310118','13363395286','wei40@zv.cn'),(175,'赵文','湖南省柳州县长寿张路o座 710216','15341975480','yan82@yongyong.cn'),(176,'成帆','内蒙古自治区玲市合川长沙街s座 683302','13790466971','ping05@gmail.com'),(177,'李勇','河北省兰英市六枝特济南路t座 681249','15805170041','xzheng@hotmail.com'),(178,'王娜','宁夏回族自治区帅市淄川贾路j座 527537','14576670705','rliu@dw.cn'),(179,'陈丽娟','安徽省兵市花溪兴安盟街k座 496280','14544356937','xiadeng@weitao.net'),(180,'张燕','黑龙江省丹市花溪齐齐哈尔路q座 211375','15927894887','qianyang@gmail.com'),(181,'邱阳','天津市玉华县长寿银川路w座 238757','13934420540','phan@gmail.com'),(182,'廖静','河南省澳门市清浦香港街S座 459805','15687862096','wlong@yahoo.com'),(183,'罗桂芳','广东省燕县锡山祝街o座 867070','13904376389','gluo@guiyingjuan.cn'),(184,'张建','江西省合肥市高明太原路V座 943668','14541396134','xiemin@yahoo.com'),(185,'高勇','山西省拉萨市蓟州淮安街K座 851655','14535399796','xieli@gmail.com'),(186,'周军','山西省马鞍山市淄川张街Y座 115369','14584912806','rqian@yahoo.com'),(187,'张桂珍','天津市哈尔滨市安次余街X座 924344','13127025494','yan05@gmail.com'),(188,'罗淑兰','黑龙江省杨市华龙林街q座 149993','13256415003','hejun@yahoo.com'),(189,'戴彬','江苏省六盘水县滨城张路b座 352288','18149004376','chengxiuying@cai.com'),(190,'吴莹','江苏省小红市怀柔杭州街o座 952296','13063307047','wei64@hotmail.com'),(191,'胡柳','重庆市合山市长寿李街C座 793172','13531141310','leiding@04.cn'),(192,'林婷婷','浙江省刚市锡山重庆路m座 821932','15763020956','xiulan63@yahoo.com'),(193,'宋洋','浙江省文市西峰张路K座 694670','18634382631','udeng@36.org'),(194,'褚阳','贵州省银川县双滦陈街R座 332814','14711401186','wenjuan@shi.cn'),(195,'荣桂芝','黑龙江省哈尔滨市永川潮州路D座 664926','14760151628','weihuang@mintao.cn'),(196,'白萍','江苏省海燕市普陀郑州路M座 165070','18611570703','ewu@yang.cn'),(197,'李雪','新疆维吾尔自治区合肥市萧山李路f座 730279','18608654239','yinyong@68.cn'),(198,'赵桂香','天津市宁县金平张街g座 509520','15005013891','yongqian@gmail.com'),(199,'李超','浙江省玉兰市璧山周街q座 790802','13191189146','nafang@hotmail.com'),(200,'萧淑珍','香港特别行政区关岭县上街北镇街e座 755334','14590131366','thuang@hotmail.com'),(201,'王成','福建省澳门市锡山太原街i座 757548','14518075099','dengfang@hotmail.com'),(202,'刘桂兰','河南省琴县西夏北镇街q座 647411','18186797112','yong72@guiyingcao.org'),(203,'徐超','宁夏回族自治区福州市友好李街K座 419512','15249650105','yinyan@gmail.com'),(204,'郑岩','黑龙江省彬县锡山乌鲁木齐路f座 688140','13233343909','leisu@baidai.cn'),(205,'乔建','吉林省颖县沙湾兴安盟路K座 284457','15573734772','kqiu@gmail.com'),(206,'刘飞','新疆维吾尔自治区梅县房山沈阳路S座 427044','13617890604','yangyi@gmail.com'),(207,'施桂荣','台湾省海燕县花溪詹街n座 777453','13489944361','zhengmin@yahoo.com'),(208,'秦丹','甘肃省兰英市静安嘉禾路u座 428592','18091419180','gaoyong@yahoo.com'),(209,'殷峰','重庆市伟县静安施路W座 192981','18660016071','lfu@jingqiang.cn'),(210,'袁凯','甘肃省峰市滨城曲路o座 559608','14513824551','fang67@hotmail.com'),(211,'张晶','湖南省济南市蓟州乌鲁木齐路B座 245886','15913488658','jtan@hotmail.com'),(212,'孙芳','甘肃省杰市金平郭路d座 756531','18952676382','fangwen@yahoo.com'),(213,'丁平','海南省杨市梁平殷街Q座 989983','13240695185','yong67@yahoo.com'),(214,'马强','河北省超县浔阳周路a座 446808','15015430487','maojie@gmail.com'),(215,'韩畅','广西壮族自治区秀英市房山黄街r座 184135','13279853529','jiehan@ff.cn'),(216,'王荣','辽宁省淑珍县丰都台北街O座 270816','13257034999','zhongming@hotmail.com'),(217,'郑英','海南省荆门县西夏蔡街A座 145803','15166199098','maoguiying@hotmail.com'),(218,'赵平','河南省关岭县南长陆路t座 241608','14736334780','yongfang@guiyingzhao.cn'),(219,'黄敏','吉林省梧州市友好周街J座 689954','15849810176','liyao@shen.cn'),(220,'阎桂荣','吉林省淑珍县普陀嘉禾街J座 356314','15334180007','liping@hotmail.com'),(221,'孙林','香港特别行政区东莞县普陀北镇街V座 448816','13325685471','jie73@hotmail.com'),(222,'吕兵','陕西省秀荣市怀柔曾街M座 305512','15724922628','juntang@yahoo.com'),(223,'张婷婷','广东省呼和浩特县友好赵路Z座 820134','15917837797','fanggang@xia.net'),(224,'芦桂英','河南省桂香县新城武汉街H座 169121','14558720856','nacheng@juanxiuying.cn'),(225,'陈建华','吉林省志强市丰都沈阳路A座 197996','13928409996','yong12@hotmail.com'),(226,'张凯','辽宁省南宁县南长胡路o座 176325','13132165355','liaojuan@yahoo.com'),(227,'张玉兰','青海省荆门市怀柔东莞路V座 139597','13102009286','yang89@xueliao.cn'),(228,'童丽华','广西壮族自治区拉萨县沈北新台北街o座 585901','13586817914','uzhu@yahoo.com'),(229,'熊桂英','宁夏回族自治区利县萧山刘路O座 770600','13107888897','juanma@hotmail.com'),(230,'杨洁','陕西省汕尾市永川巢湖路F座 482710','14561212978','houfang@hotmail.com'),(231,'纪红梅','上海市雷市六枝特天津街d座 923482','14579655399','jun35@wc.cn'),(232,'陈兰英','北京市娜县萧山徐路O座 445407','13972045284','jun39@yahoo.com'),(233,'张静','吉林省桂芳市沈河张路X座 261208','15712855060','shaoyong@02.cn'),(234,'武凤英','四川省哈尔滨市六枝特李路G座 591400','13071057627','gangjin@luoxie.cn'),(235,'高丽华','青海省凤兰县和平陈街z座 918350','13320868082','khan@mingyin.cn'),(236,'万琴','福建省玲市大东成都街U座 882460','15026255136','xxia@48.net'),(237,'智玲','香港特别行政区亮市梁平乌鲁木齐街S座 849683','18959895509','tao83@li.cn'),(238,'戴玉珍','天津市阜新市蓟州刘路o座 178239','14711553176','leipeng@gmail.com'),(239,'周秀华','重庆市银川县永川南路F座 796508','15188454902','duanjing@zengcao.net'),(240,'费凤兰','西藏自治区凤兰县东丽南昌路U座 741082','18033269281','juanzeng@yahoo.com'),(241,'张莹','海南省淮安县清城胥路V座 590211','18543595188','yong64@gmail.com'),(242,'孙金凤','陕西省辽阳县永川王街o座 405524','15889069857','qiangshen@gmail.com'),(243,'李欣','辽宁省西宁市南长长春路z座 819390','14591837672','chao91@hotmail.com'),(244,'罗建','河北省磊县海港杜街G座 448652','13180058903','pwu@hotmail.com'),(245,'杨磊','广东省秀云县黄浦李街a座 327729','13295589761','yan53@wei.cn'),(246,'高婷婷','香港特别行政区艳市海陵田街V座 246687','15271015170','zhuna@lf.cn'),(247,'王瑜','云南省燕县沈北新马鞍山路B座 662240','13909028548','guiying56@lin.com'),(248,'王琴','四川省杨县沙市南昌街y座 485833','18724660606','fangang@yizhu.cn'),(249,'杨红梅','广西壮族自治区嘉禾市海港朱路b座 478989','13272538122','xiuyinggong@hotmail.com'),(250,'龙桂荣','澳门特别行政区淑华市南溪乌鲁木齐街I座 400053','15810003552','qintao@taoyong.cn'),(251,'吴佳','广东省沈阳市沈河廖路s座 940773','14567579234','hejuan@hotmail.com'),(252,'李桂珍','江苏省昆明县城东刘路I座 429590','13888284458','ywan@22.cn'),(253,'袁辉','广东省张家港市西峰东莞街c座 469131','13141641745','ming77@mengdong.cn'),(254,'郑玉华','天津市萍市兴山宋路u座 491594','18872777944','juanqiao@leideng.cn'),(255,'黄琴','浙江省建华县南溪刘路n座 503743','15521165399','jun26@junqiao.cn'),(256,'胡秀珍','宁夏回族自治区梧州市魏都通辽路F座 545065','18721169201','xqin@gmail.com'),(257,'苏玉珍','甘肃省通辽县南溪东莞路a座 673108','15308838388','xiuyingqin@chang.cn'),(258,'沈帆','山西省通辽县牧野钟路j座 875706','15795358973','nlin@gmail.com'),(259,'史慧','新疆维吾尔自治区昆明县安次曾路m座 975619','18140326191','xiuyingzhang@gmail.com'),(260,'郭强','江西省平县东城罗街K座 144689','15991519429','cuiguiying@82.cn'),(261,'赵刚','云南省亮市海陵杜街p座 302809','13980673347','yanzhu@wei.cn'),(262,'刘凤兰','台湾省阜新县清浦夏街w座 340127','18832776905','tao89@hotmail.com'),(263,'王磊','新疆维吾尔自治区济南市高坪南宁街C座 458183','15321026225','tianwei@hotmail.com'),(264,'崔敏','上海市志强县西峰武汉路Z座 392267','18014359805','leipeng@yahoo.com'),(265,'陈凯','河南省永安市城东庄街D座 969995','15619589303','na33@wan.cn'),(266,'王雷','吉林省杭州市秀英福州街S座 138817','13940164830','zhaolei@yahoo.com'),(267,'刘欣','吉林省凤英县山亭大冶路R座 267653','15357632406','xiulan38@hotmail.com'),(268,'鞠志强','香港特别行政区海口县大兴哈尔滨路k座 488775','15275685196','jie45@hotmail.com'),(269,'高莹','北京市银川县山亭陈路I座 843193','13481536781','yangtang@gmail.com'),(270,'韩辉','吉林省霞市龙潭深圳街W座 393477','15346143091','xuxiulan@hotmail.com'),(271,'郭峰','贵州省宁市沙湾梁路u座 335629','13863881100','ilu@yahoo.com'),(272,'陈玉梅','广西壮族自治区阜新县西夏贵阳路V座 578421','13775895109','yangping@xia.cn'),(273,'秦峰','天津市东莞市西峰北京路b座 749759','13373899458','guiyingsun@gmail.com'),(274,'王淑珍','黑龙江省长春县怀柔诸路V座 265621','18847176624','gmo@hotmail.com'),(275,'张婷','湖南省飞县滨城龙路f座 790850','15846832915','jie99@yahoo.com'),(276,'李桂荣','甘肃省昆明县南溪申路K座 640601','13371752067','xueyong@hotmail.com'),(277,'陈雪','山东省瑞市吉区邯郸路L座 392822','15866120822','chaoshao@qiang.cn'),(278,'邓红','西藏自治区博市白云澳门街G座 493949','15759735115','lei09@hotmail.com'),(279,'杨冬梅','辽宁省宁市永川陆街T座 101666','15065042452','liping@hotmail.com'),(280,'叶洋','湖北省淑英市清城关岭街s座 470231','15977602698','juan16@yahoo.com'),(281,'林红霞','香港特别行政区南昌县孝南段路p座 878590','13105876714','xiulanding@yahoo.com'),(282,'王杰','四川省博市魏都惠州街C座 542077','18548744256','zhangjuan@ligang.cn'),(283,'陈峰','广东省呼和浩特县淄川南京街c座 184017','13252066626','nasun@leicui.cn'),(284,'阎畅','陕西省潮州市东城韦路n座 328830','13079539967','mingchang@gmail.com'),(285,'潘林','山西省重庆县南湖何街d座 351243','18725185970','wxia@gmail.com'),(286,'陈秀英','江苏省沈阳县高港重庆街N座 812281','13056971104','zhongyang@wangfan.cn'),(287,'陈东','安徽省桂珍县沙湾台北街y座 478635','18846062576','yanma@gmail.com'),(288,'张娟','安徽省桂珍市安次李路w座 161579','18264120555','jun87@yahoo.com'),(289,'李雪梅','海南省秀兰县沈北新宁德路p座 433640','13737728767','fang39@ni.cn'),(290,'谭军','吉林省深圳市上街石路Z座 911660','14762615261','wenfang@mingyong.cn'),(291,'胡晶','广西壮族自治区拉萨县滨城关岭路v座 383411','13658345458','xia73@30.com'),(292,'杨鑫','浙江省丽华市西峰银川路P座 841544','18007483183','yangtian@yahoo.com'),(293,'童玉梅','云南省旭市静安荆门街y座 224032','15693626339','mchang@hotmail.com'),(294,'桑亮','台湾省静市锡山拉萨路F座 112268','14551611392','ycai@yahoo.com'),(295,'汤宁','山西省长春市永川屈街Z座 136050','18753927282','li66@hotmail.com'),(296,'邱颖','辽宁省雪县魏都合山路Z座 966403','15396012575','yangfeng@yahoo.com'),(297,'王鑫','青海省秀芳县高港太原街c座 895055','15937943944','kangxiuying@yahoo.com'),(298,'王婷','河北省海口市兴山束街w座 135020','15505838143','jiafang@jie.cn'),(299,'牛淑珍','香港特别行政区郑州市白云李路t座 639878','15793441436','juan81@ry.cn'),(300,'金淑华','云南省六盘水市安次张路K座 249545','15323386605','rma@gmail.com'),(301,'周玉兰','江西省长春县东城南宁路q座 497537','13009768918','juan73@chenwan.cn'),(302,'黄秀荣','黑龙江省台北市花溪澳门路R座 681022','13841190999','fanli@gmail.com'),(303,'马明','新疆维吾尔自治区武汉县浔阳沈阳街u座 848525','18884111178','kongli@naxiuying.net'),(304,'田秀珍','山西省东莞县普陀关岭街Q座 728669','13617927124','elin@yahoo.com'),(305,'刘淑兰','湖北省深圳县怀柔景街w座 477102','15075895088','yzhu@gmail.com'),(306,'吴桂芝','贵州省雪市合川辽阳路s座 442593','18200010508','yeguiying@gmail.com'),(307,'吴雪梅','重庆市银川县璧山田街J座 244217','18922331862','bwu@baiye.cn'),(308,'张桂花','江苏省沈阳县兴山巢湖路J座 787098','15959514504','yong96@chao.cn'),(309,'王凤兰','河北省秀英县永川荆门街r座 903721','15050624199','cchang@78.cn'),(310,'赖小红','江苏省琴市高港徐街C座 684659','15373438382','jie49@yahoo.com'),(311,'贾瑞','山东省银川县山亭李路e座 284796','15885571223','jyao@yangmin.cn'),(312,'贺坤','青海省丽娟市丰都柳州路O座 883479','15211940010','yanliu@xiuying.org'),(313,'蔡晶','香港特别行政区健市东城汪路E座 331407','13119168013','cuiqiang@hotmail.com'),(314,'张丹','湖北省宁市友好李路J座 135261','15276857501','laiming@64.cn'),(315,'唐瑜','甘肃省马鞍山县六枝特罗街T座 365107','15163270289','yong14@yahoo.com'),(316,'陈冬梅','北京市静市丰都孙路r座 850077','18724463512','yanyuan@gmail.com'),(317,'张志强','上海市西安市门头沟萧路Q座 219275','13880262846','jiagang@54.cn'),(318,'符利','云南省上海县黄浦刘街X座 929359','15230225657','weilei@yahoo.com'),(319,'张红霞','山东省海口市高明济南街D座 503851','18289736332','nguo@gmail.com'),(320,'黄帆','山西省凤兰县怀柔澳门街P座 915165','13163257441','juanwen@yt.cn'),(321,'涂淑珍','天津市琳市海港佛山路C座 451412','13342459107','izhong@14.net'),(322,'单婷','湖南省桂花市合川西宁路Y座 391651','14507499384','minfang@yahoo.com'),(323,'陈芳','天津市沈阳市普陀宋路e座 252384','13263737927','weiyi@gmail.com'),(324,'向莉','河北省梧州县友好宁德街L座 530354','15972960437','juan59@hotmail.com'),(325,'卢桂芝','宁夏回族自治区丽县南长哈尔滨街J座 233480','18952109437','minluo@yahoo.com'),(326,'石畅','北京市洁市山亭郑街P座 497850','18952419883','dengwei@yahoo.com'),(327,'成莉','湖北省健县南溪赵路k座 440219','13529226074','hxu@yanfeng.cn'),(328,'张琴','广东省汕尾市丰都赵路Y座 663725','15577384096','leizhang@hotmail.com'),(329,'孙飞','宁夏回族自治区阳市安次王路F座 837280','15599108189','shenguiying@yahoo.com'),(330,'罗凤英','江西省洁市沈河董路k座 344830','13849123531','haoyan@gmail.com'),(331,'李玉兰','浙江省北镇市上街六安路Z座 152148','18538838848','na63@shaoshi.cn'),(332,'李勇','浙江省桂芝县梁平兰州路s座 576849','15202527824','jing05@chaotan.cn'),(333,'赵涛','新疆维吾尔自治区桂香县六枝特银川路d座 531639','13628741108','jun62@gmail.com'),(334,'李兰英','甘肃省秀荣市东丽重庆街B座 341316','18050084141','jingguo@gmail.com'),(335,'赖秀兰','青海省杨市蓟州周路m座 979154','13375445212','yong51@hotmail.com'),(336,'彭梅','陕西省秀华县沙市大冶街X座 295241','13516100529','chao15@gmail.com'),(337,'郭萍','辽宁省齐齐哈尔市黄浦辽阳路h座 824825','18591951624','mxu@zeng.cn'),(338,'毕斌','山西省辉市高港宁街o座 603613','13739253711','exiong@hotmail.com'),(339,'林宁','陕西省长沙市翔安丁街o座 837407','14560617272','suwei@gmail.com'),(340,'郑俊','贵州省淑华市金平宁德街r座 811724','18882569817','cyuan@zhulai.net'),(341,'林洁','甘肃省桂荣县东城澳门街d座 149360','18518125425','yong41@30.cn'),(342,'祝霞','甘肃省拉萨市孝南梁街j座 484564','13547349479','junlu@weiyong.cn'),(343,'刘桂香','江西省西安市城东胡街H座 748954','18087086945','yijie@jd.cn'),(344,'席柳','四川省娜市清浦方街a座 727949','15986313844','bmeng@yahoo.com'),(345,'蒲刚','西藏自治区佛山市高坪吴路t座 195049','18968220955','minglai@yahoo.com'),(346,'陈阳','广西壮族自治区晨市合川林路d座 791400','18588429396','lianglei@minli.com'),(347,'刘英','甘肃省兵县南湖庄路t座 232274','15111288265','weiyao@juanding.cn'),(348,'吴芳','海南省沈阳市梁平孙路k座 145014','13400819136','tao73@02.cn'),(349,'陈斌','广东省邯郸市沈河长沙路c座 182358','13073639882','rtang@gc.net'),(350,'高洁','重庆市呼和浩特市蓟州阎路v座 704731','14733817860','fang41@22.org'),(351,'李桂珍','海南省莉县双滦徐街P座 415718','13068919995','ming22@hotmail.com'),(352,'石阳','广东省成都市城东仝街d座 958500','15005455261','zhouxiuying@yahoo.com'),(353,'牟玲','陕西省琳县南长澳门街w座 285968','13298394104','bchen@gmail.com'),(354,'黎帆','广东省柳州市白云北京路Y座 473484','13153308709','xiuyinghu@yahoo.com'),(355,'陆云','内蒙古自治区明市高港杨街m座 729338','14585726191','qiaoming@hotmail.com'),(356,'萧云','江西省六安县丰都齐齐哈尔路e座 966432','15351042452','li52@gmail.com'),(357,'杨金凤','澳门特别行政区西宁县秀英邱街f座 786894','15718004784','osu@gangmao.cn'),(358,'刘佳','陕西省燕市城东呼和浩特路h座 364873','14532471970','yuqiang@fumo.cn'),(359,'赖洋','天津市宇县长寿通辽路g座 375063','18095012537','swu@yangyao.net'),(360,'王凯','甘肃省欢市兴山兰路r座 119327','15688752974','xmo@97.cn'),(361,'朱桂芳','天津市桂花县长寿曾路D座 633692','15309647661','shaotao@gmail.com'),(362,'康鹏','江苏省娟市西夏赵街T座 792807','15336298399','rzhou@mm.cn'),(363,'孙建军','香港特别行政区玉兰县六枝特天津街R座 973118','15353051018','pzeng@yangkang.cn'),(364,'王建军','黑龙江省建华市沙湾贵阳街f座 247219','18201002892','guiying39@yahoo.com'),(365,'邱海燕','重庆市建平市高明太原路m座 322195','18206679631','heli@gmail.com'),(366,'范坤','吉林省秀芳市沈北新郝路R座 399190','18648580936','guyong@fu.cn'),(367,'程斌','山东省桂荣市高明张路x座 802944','18061700261','zkong@49.cn'),(368,'程琴','黑龙江省嘉禾市长寿北京街S座 625869','18158977420','na11@dingcai.cn'),(369,'任建军','江苏省宜都市房山南昌街V座 621986','18938314562','renxiuying@zv.cn'),(370,'李浩','上海市广州市安次胡路D座 341401','13433205075','gyan@hu.com'),(371,'都燕','澳门特别行政区楠市锡山兴城路U座 182353','15965383689','pfan@taoyin.com'),(372,'杨鑫','海南省兴城市江北罗路t座 679453','18160064101','xiulanchang@li.cn'),(373,'黄浩','西藏自治区惠州县清河林路G座 264986','18123500873','fyu@gmail.com'),(374,'魏淑珍','内蒙古自治区佛山市合川武汉街P座 363997','13006381926','qiangshen@yongmeng.cn'),(375,'李凯','黑龙江省静市翔安武汉路t座 771309','13995271146','ayang@hotmail.com'),(376,'王帅','重庆市勇市浔阳董路U座 210171','13739488020','caojun@liangbai.cn'),(377,'焦秀华','山西省杨县高明拉萨街A座 135450','15283744104','oxie@43.cn'),(378,'袁飞','天津市杨市浔阳梧州街R座 336323','13613740305','leizhao@hotmail.com'),(379,'高瑜','福建省郑州县滨城太原街e座 672337','13933394721','kongming@hotmail.com'),(380,'赵婷','青海省洁市高港银川街R座 895086','13532178851','fangli@zou.cn'),(381,'原辉','海南省香港市梁平海门路O座 373511','13026739549','cyu@yahoo.com'),(382,'赵桂荣','宁夏回族自治区六盘水县门头沟宜都路r座 853227','18117981041','jun59@shaohou.cn'),(383,'罗旭','福建省武汉市沈河焦街j座 707617','15304934379','ping67@gmail.com'),(384,'江瑞','新疆维吾尔自治区林县秀英杨路f座 144595','15746168929','xiuyingyuan@yahoo.com'),(385,'白楠','浙江省燕县长寿张街r座 842663','18543231410','mingdai@gmail.com'),(386,'邹平','西藏自治区林县六枝特拉萨路h座 915563','15602144083','achang@yahoo.com'),(387,'洪雪梅','河北省秀梅县沙市合山街P座 616928','15330561800','dingjun@gmail.com'),(388,'马兵','四川省贵阳市城东淮安路E座 481579','13996883806','yinguiying@gmail.com'),(389,'黄瑜','江西省呼和浩特县吉区齐齐哈尔路v座 928225','15018281286','chaohan@liming.cn'),(390,'何佳','江苏省海门县东丽陈街l座 364913','18560028672','xiulan19@yahoo.com'),(391,'戴玉','台湾省萍县魏都崔路V座 492915','15889820236','shenlei@gmail.com'),(392,'曾瑜','澳门特别行政区台北县梁平常街d座 110125','15005310719','wujun@xuegao.cn'),(393,'郑秀荣','云南省邯郸市崇文符街v座 666111','15697391020','lwu@50.org'),(394,'张志强','陕西省燕县秀英蒋街f座 770018','13225383741','mjia@hotmail.com'),(395,'丁涛','上海市婷县永川曾路K座 619650','15680013775','dliu@wu.cn'),(396,'刘磊','江西省静市崇文哈尔滨路c座 162742','13110005357','lichen@yahoo.com'),(397,'刘涛','四川省齐齐哈尔市静安海门街k座 982649','15559942888','dengmin@gmail.com'),(398,'祝丹丹','黑龙江省宇县海港宁德路u座 499099','18664947154','xiajuan@hotmail.com'),(399,'周雪梅','天津市龙县崇文澳门路h座 984674','18976852865','liangxiulan@zhou.net'),(400,'黄玉华','河北省萍县普陀王街i座 620532','15163342460','yangzhang@yahoo.com'),(401,'陈红梅','湖南省邯郸县永川夏街O座 917247','18953643315','ulei@12.com'),(402,'齐刚','台湾省红市吉区张街H座 715780','14527359826','fduan@hotmail.com'),(403,'张丹','陕西省张家港县海港邱街c座 224494','14512421976','yongzhang@yanguiying.cn'),(404,'陈柳','湖南省洁县友好叶街y座 134903','18712490574','xiuyingkong@gmail.com'),(405,'郑阳','江苏省沈阳县南湖樊街g座 293838','18097781388','junqian@xiagao.cn'),(406,'罗刚','重庆市太原市翔安黄街D座 526510','13258066352','wenjuan@hotmail.com'),(407,'袁军','福建省红市沙市北镇路g座 295961','13459733958','nali@gmail.com'),(408,'黄文','辽宁省燕市沙市陆路J座 835217','15970716089','na27@yahoo.com'),(409,'朱秀华','江西省呼和浩特市朝阳东莞路O座 926622','15533839515','uyan@gmail.com'),(410,'朱桂花','辽宁省想县普陀张街n座 680544','13445343330','yan00@wei.cn'),(411,'欧丹丹','河南省沈阳市滨城李路F座 316635','13036026228','minghao@jieshi.cn'),(412,'黄亮','河南省龙市蓟州郑路h座 604638','18011725747','xiuyingchen@duan.com'),(413,'韦丽','广东省辽阳县高明邯郸路V座 435722','14592422614','rtian@yahoo.com'),(414,'赵峰','吉林省梧州县静安长沙街Q座 694700','13404821305','jcao@hotmail.com'),(415,'曾桂珍','宁夏回族自治区惠州市门头沟陈街x座 454759','15621443730','rtan@hotmail.com'),(416,'陈欢','安徽省淑兰市沈河上海路w座 216543','15118208901','gang64@namin.cn'),(417,'王伟','黑龙江省银川县长寿李路p座 117893','15231506922','caijun@yahoo.com'),(418,'潘婷','陕西省梅县朝阳詹街P座 461631','13058137193','pkang@leicao.cn'),(419,'马丹丹','湖北省宇市平山王街w座 656233','15994646324','fangduan@35.cn'),(420,'冷畅','辽宁省玉县西夏合山路I座 624476','15790592138','junma@ko.cn'),(421,'袁刚','广东省玉英市浔阳许路T座 327523','13693876953','maofang@hotmail.com'),(422,'曾飞','台湾省鹏市南长荆门街i座 660466','18625965263','juanfu@hotmail.com'),(423,'胡荣','吉林省成市淄川夏街X座 863876','15889674961','liuxiuying@yahoo.com'),(424,'陈慧','黑龙江省阜新县房山黄街b座 534951','18186791248','yexiulan@wen.com'),(425,'柳颖','江苏省涛县东丽永安街t座 268349','13466059368','ganghuang@taojun.net'),(426,'叶涛','安徽省艳市花溪包路Q座 994360','15936981778','xiuyingzou@gmail.com'),(427,'杨玉英','广西壮族自治区涛县南湖袁街O座 893106','15906182771','olong@mingsun.net'),(428,'李淑兰','河北省秀荣县花溪刘街f座 374194','13738472280','leiwu@hotmail.com'),(429,'杨淑华','内蒙古自治区文市沈北新大冶路T座 843163','15387267549','rdeng@leiqiang.net'),(430,'林玉梅','西藏自治区潜江市闵行潮州路S座 850453','14573600742','gangduan@yudeng.org'),(431,'姚帆','江苏省杭州市白云鲁街D座 288085','18934699709','lkang@es.cn'),(432,'李波','内蒙古自治区潮州市双滦晁街z座 806950','18180292625','minpeng@jiacui.cn'),(433,'张博','北京市广州市城北海门路q座 220976','13461035209','yong10@hotmail.com'),(434,'龚丹','吉林省深圳市丰都南京路g座 488074','13656605423','gang54@lijun.com'),(435,'邱娟','安徽省西宁市萧山淮安路R座 322106','18706815339','weijuan@jingxia.cn'),(436,'张秀梅','湖南省福州市合川长沙街c座 610774','15007625789','xiulangong@gmail.com'),(437,'高燕','辽宁省燕市东城郑州路a座 579715','15860050803','tao67@zhou.cn'),(438,'马欣','湖南省辉市黄浦石家庄街M座 610296','14727596694','li75@yong.cn'),(439,'任军','河南省想县城东永安街r座 584767','13219987512','jiehu@jingyang.com'),(440,'张敏','广西壮族自治区桂芝市浔阳潮州街t座 169851','18179602515','sungang@yahoo.com'),(441,'邹彬','浙江省沈阳市西夏辽阳街T座 123469','18208493233','yan86@gmail.com'),(442,'黄建华','湖南省洁市锡山东莞街k座 648210','18556569006','cxu@guiyingming.cn'),(443,'谢军','北京市荣市上街林路C座 533978','14715881949','yaoguiying@gmail.com'),(444,'黄燕','湖南省丽丽市徐汇六安路F座 776436','18604418508','lei57@cuihao.cn'),(445,'刘莉','甘肃省台北市大东尚街w座 628936','15972875072','rlin@yahoo.com'),(446,'赵斌','香港特别行政区淮安县孝南杭州街t座 239359','15688090175','junzhou@gmail.com'),(447,'王波','天津市峰市西夏巢湖路y座 863845','18995801989','qiangwang@yahoo.com'),(448,'董超','山东省飞县平山郭路I座 126553','18581129462','guiying23@song.cn'),(449,'赵彬','江苏省海口县合川吴路G座 116873','15212744857','dongqiang@qi.cn'),(450,'张琳','浙江省建军县海陵黄路r座 928716','13594771369','weijing@gmail.com'),(451,'傅杨','宁夏回族自治区梧州县梁平郝街c座 310259','13351416237','czhu@malin.cn'),(452,'萧成','宁夏回族自治区平县高港程路N座 850041','15921335805','guiyingfu@hotmail.com'),(453,'崔敏','山东省惠州县上街刘路K座 175791','18061378800','xiagao@na.cn'),(454,'文桂芝','贵州省海燕市梁平阜新路Q座 819616','18047537327','qiang68@gmail.com'),(455,'仲阳','西藏自治区秀珍市崇文陈路I座 598343','15818531369','changguiying@yuan.cn'),(456,'骆军','澳门特别行政区福州县锡山长沙路v座 687909','13836810093','djin@gmail.com'),(457,'郭晨','广东省瑞县沙湾兴安盟街R座 788297','13945274008','xiulanwang@yahoo.com'),(458,'李博','湖北省杭州市高港王街d座 858028','13081851509','leijun@gmail.com'),(459,'孔洋','江苏省秀芳市清浦宁德路e座 661415','18689694890','zengjing@gmail.com'),(460,'金琴','台湾省春梅县高港陈路L座 729831','13394706467','tanwei@74.com'),(461,'焦楠','湖南省西宁县滨城北京路m座 862621','18127069440','qiang45@peng.cn'),(462,'王成','陕西省琴市城东昆明路G座 234293','15747883132','xiuying39@xiuyingxiulan.cn'),(463,'刘磊','河南省南昌县双滦马鞍山路x座 492598','13200058333','qiang17@gmail.com'),(464,'刘丽丽','山西省桂珍市朝阳黄路h座 730864','18214359742','yaoming@yahoo.com'),(465,'陈秀荣','辽宁省澳门县南溪周路c座 857217','15380045765','yaochao@junlei.cn'),(466,'许超','海南省军县城东丁路L座 860150','15149268417','isu@hotmail.com'),(467,'高柳','海南省彬县和平石街g座 765078','18767927662','wei60@jing.cn'),(468,'刘亮','福建省齐齐哈尔市安次刘街q座 652855','14550506369','yang90@xiaolu.cn'),(469,'李霞','海南省磊市门头沟太原路i座 269981','14707590104','liangqiang@hotmail.com'),(470,'宋凤兰','广西壮族自治区秀华市闵行南京街h座 393812','18693894837','cyan@yahoo.com'),(471,'原斌','新疆维吾尔自治区柳县蓟州辽阳路s座 585055','13371293043','juangu@yahoo.com'),(472,'张云','四川省宁市浔阳张家港街C座 276856','14537260623','jun96@xiuyingyong.cn'),(473,'李芳','香港特别行政区梅县怀柔来街D座 437170','13307236826','wei06@hotmail.com'),(474,'罗玉珍','山西省宁德县清城王街y座 236743','18756308454','ufan@zheng.cn'),(475,'赖莉','广西壮族自治区六安市怀柔兰州路q座 569814','15250566683','na51@gmail.com'),(476,'李云','山东省兵市怀柔关岭路b座 569295','15050112462','qiang67@hotmail.com'),(477,'贾玉梅','北京市天津市魏都阜新街K座 803879','14759664357','daitao@hx.net'),(478,'何玉','福建省红霞市翔安柳州街o座 671084','14571076849','smao@yahoo.com'),(479,'刘坤','重庆市伟县永川虞街H座 758066','13367365541','mengyan@gmail.com'),(480,'金秀荣','山东省海燕市沈北新石街U座 758501','15839146114','bdai@55.cn'),(481,'陈霞','西藏自治区秀荣县高明惠州路U座 145585','15286704399','qbai@63.cn'),(482,'周畅','山西省梅市萧山杨街r座 891024','13243067966','fangwei@hotmail.com'),(483,'苏丽娟','青海省西宁县西夏重庆路A座 968241','15669068104','gang70@gmail.com'),(484,'孟玉兰','江西省建平县沙市陈街g座 902365','18563110730','jie00@xiuying.cn'),(485,'郭桂芝','陕西省重庆市孝南向街g座 257981','18134115928','guiying90@yahoo.com'),(486,'胡荣','天津市杭州县永川成都路F座 759095','18946152011','jiezeng@gmail.com'),(487,'李淑兰','上海市楠市房山淮安街B座 975154','15207119966','yaowei@duyin.cn'),(488,'孙帅','辽宁省娟县东城梧州路D座 406455','13078545217','pingxu@gmail.com'),(489,'吴桂芳','河南省宜都县高坪沈阳路P座 335345','18797486491','yangwu@yangyao.cn'),(490,'张东','甘肃省荆门市海港李街Z座 391227','15365671237','kyu@guo.cn'),(491,'王亮','澳门特别行政区武汉县璧山向路h座 624566','13285534603','yongchang@yahoo.com'),(492,'杨帅','海南省海口市孝南广州路f座 614955','15937668915','pingxie@wu.cn'),(493,'桂杨','北京市通辽县梁平胡街R座 931981','18058616102','udu@yahoo.com'),(494,'谢俊','新疆维吾尔自治区银川市南长济南街f座 919794','13576649946','wenjuan@hotmail.com'),(495,'张阳','内蒙古自治区合山市浔阳苏街N座 784983','15721770520','mingchang@hotmail.com'),(496,'萧静','湖北省梅市滨城仇路J座 704697','18131965404','fujuan@gmail.com'),(497,'王娟','山东省梧州市崇文方街k座 373170','15279050052','fangdeng@hotmail.com'),(498,'韦建','浙江省辛集县涪城成都街V座 685010','13122757597','bkang@yahoo.com'),(499,'陈峰','河北省楠县永川哈尔滨路y座 274408','13333254026','shaoxiulan@hotmail.com'),(500,'孙建华','黑龙江省昆明市高港六盘水路i座 365537','15005494860','fang56@zheng.cn'),(501,'高建国','内蒙古自治区淑兰市高坪关岭路h座 371900','18716792960','renming@jieyong.cn'),(502,'李秀芳','甘肃省北京市魏都张家港路Q座 796188','18164519445','jun77@hotmail.com'),(503,'崔博','天津市通辽市璧山毛路p座 249185','15314963815','guiyingqiao@hotmail.com'),(504,'周倩','黑龙江省兴城市南溪马鞍山路n座 788566','15527120224','wanyong@gmail.com'),(505,'范秀荣','河北省博县海港上海路x座 269067','18915269588','jiangming@hotmail.com'),(506,'郝杰','内蒙古自治区太原县大兴宁德路k座 765306','13997327405','longlei@qiangjing.cn'),(507,'曾桂英','江西省通辽市徐汇萧街T座 254724','18917809111','xiulanyi@hotmail.com'),(508,'李俊','湖南省张家港市闵行成都路b座 700623','18258446633','liwei@minwei.cn'),(509,'林琴','重庆市武汉县上街石街z座 452352','15905168771','cfu@gmail.com'),(510,'李秀荣','湖南省阜新市城东南宁路r座 472457','13252844622','jun06@qiaozhong.cn'),(511,'赵莉','海南省颖市梁平李街v座 487193','18946723954','yyang@54.cn'),(512,'党玲','安徽省玉英市高明嘉禾路r座 547564','15590932683','leihan@guiyingtao.cn'),(513,'刘刚','澳门特别行政区玉梅市永川刘街O座 347555','18024874182','taocheng@jing.cn'),(514,'余雪','安徽省玉华县海港石家庄路h座 244112','15225432040','duanxia@liu.org'),(515,'吴畅','澳门特别行政区重庆县大东杨路j座 883564','13700926543','guiyingsun@yong.cn'),(516,'柳瑜','安徽省兵市西夏孙路M座 729473','13183995463','qiangchang@fx.cn'),(517,'罗婷婷','湖南省巢湖县沙市深圳街A座 403506','15657419996','dingming@shen.cn'),(518,'欧阳欢','北京市成都市孝南辛集路l座 340617','15837050629','fjin@yahoo.com'),(519,'杨秀芳','甘肃省佳市龙潭阎路h座 550110','18014900429','guiyingsun@gt.cn'),(520,'周坤','江苏省兰州县浔阳沈阳路m座 282586','13246418088','renjing@hotmail.com'),(521,'王小红','四川省澳门县花溪刘街j座 960414','15948892368','bmeng@13.cn'),(522,'袁红霞','辽宁省六安县怀柔宋路z座 364073','14570472952','pingzeng@gmail.com'),(523,'孟秀英','香港特别行政区红梅市萧山广州路j座 391006','13851757837','songfang@gmail.com'),(524,'吴超','北京市秀云县浔阳北镇路R座 484456','13459784652','gangtang@su.cn'),(525,'黄瑞','湖北省玉梅县长寿陈路U座 325298','15057585005','pkong@fs.cn'),(526,'李志强','广东省婷婷县崇文长春街d座 668995','18613525702','yong33@fh.cn'),(527,'骆秀兰','香港特别行政区玉兰市城东邯郸路G座 872851','15706954387','ilin@rl.net'),(528,'金玉华','河南省桂香县西峰颜路n座 291053','13295162786','jliao@yahoo.com'),(529,'吴建平','香港特别行政区倩县蓟州北京街q座 763423','15045983774','xiaxiong@68.com'),(530,'李瑞','甘肃省长春县华龙曾街a座 708273','13736387550','oyi@36.cn'),(531,'陈柳','甘肃省建平市翔安袁街A座 290846','13805354285','axu@luo.cn'),(532,'戴刚','辽宁省荣县西夏彭街l座 665783','18967850916','min00@yahoo.com'),(533,'谭平','内蒙古自治区凯县清河贵阳街z座 290490','18292376174','mingzou@nayan.cn'),(534,'邓飞','黑龙江省晶县崇文南昌街k座 180306','18214417898','minyan@yahoo.com'),(535,'安桂珍','陕西省波市西峰东莞街A座 892309','15775895527','chao80@21.cn'),(536,'孙秀英','山东省永安市萧山张街e座 254189','13279158305','kdai@hotmail.com'),(537,'李玉英','四川省哈尔滨市六枝特澳门街f座 740638','18699942902','xiuying95@yahoo.com'),(538,'余凤英','吉林省兴安盟县永川拉萨街m座 491867','13649478043','yinxia@tao.com'),(539,'胡雪梅','云南省俊市普陀余街q座 614533','13371090676','fangzeng@shen.cn'),(540,'杨俊','海南省佳市新城马街L座 748748','13127721985','duanjie@yangxia.cn'),(541,'欧小红','山西省小红县新城兴安盟街b座 258238','15151033568','cuilei@ganggao.cn'),(542,'郑龙','陕西省洁县清河沈阳路e座 556748','13189730575','mliu@xiulan.org'),(543,'崔秀兰','宁夏回族自治区磊市门头沟叶路x座 188291','15069432262','yong21@yahoo.com'),(544,'叶龙','青海省辛集县蓟州上海路S座 362165','14794142589','jie30@gmail.com'),(545,'吴丽华','辽宁省玉兰市清城兰州街u座 511679','13743132830','xiulankong@gmail.com'),(546,'罗春梅','福建省秀珍县沙市张家港街J座 800459','15836341102','yang75@hotmail.com'),(547,'颜凯','内蒙古自治区天津县高坪关岭街B座 485093','13154290892','ayan@gmail.com'),(548,'李丽娟','广东省合山市沈河郑州路z座 378886','18160836551','namo@29.com'),(549,'侯桂英','海南省合山县长寿海门街v座 374664','15567300141','yong07@jingjie.cn'),(550,'刘金凤','广东省凤英县高港沈阳路a座 613371','18623867911','jiawei@86.net'),(551,'刘淑华','浙江省燕县孝南兰州街g座 884114','13515742508','kxiao@hotmail.com'),(552,'鞠桂英','上海市北镇市长寿成路D座 116400','15302682808','tmao@gmail.com'),(553,'梁楠','江西省乌鲁木齐市黄浦刘街w座 906452','18155306926','iyao@gmail.com'),(554,'邓平','北京市北京市淄川成都街k座 953257','13957711914','guiying21@jieliu.cn'),(555,'曹萍','广西壮族自治区宜都市东城汪街x座 409715','15584066469','jun59@lai.cn'),(556,'曹博','安徽省兴城县秀英张路j座 419489','18093771793','liding@guiyingqin.cn'),(557,'李琳','吉林省济南市高坪左街Y座 332855','15538416609','twei@vd.cn'),(558,'李杰','山西省博市门头沟陈街W座 709819','15894283454','liwen@xiuyingwu.cn'),(559,'蒋建华','辽宁省张家港县安次福州街B座 841132','15856459517','aliu@hotmail.com'),(560,'向桂香','浙江省宁县孝南马街u座 415173','18136611612','dxie@hotmail.com'),(561,'李淑兰','陕西省文县山亭胡街l座 891891','13002129235','juan47@juan.cn'),(562,'陈海燕','甘肃省凤英市清城刘路l座 261442','14591195083','wyu@18.cn'),(563,'曹楠','河北省桂荣市高港戴路J座 174629','18020852211','jun30@yahoo.com'),(564,'符秀梅','安徽省晨市黄浦天津街q座 837573','18567254961','mingfan@gaoqiao.cn'),(565,'张想','香港特别行政区强县城北石家庄街W座 651290','18021356935','baili@fangjun.cn'),(566,'王红霞','山西省西宁县普陀天津街A座 514036','13218801581','gongwei@yangli.org'),(567,'郭建军','广西壮族自治区东市南湖郑州街w座 391942','15791496846','rlong@79.cn'),(568,'晁阳','西藏自治区龙县锡山朱路l座 412035','18092522257','sunyang@gmail.com'),(569,'罗婷婷','吉林省武汉县璧山胡街J座 713723','18754687267','guiying14@taoqiang.cn'),(570,'张婷','广西壮族自治区明市萧山孙路g座 814587','18216659517','xiuyingzhu@gmail.com'),(571,'牟桂珍','河南省乌鲁木齐市黄浦魏路C座 373685','15515894799','czhao@si.cn'),(572,'郑丹丹','宁夏回族自治区英市新城王路v座 794204','18051297238','panwei@ow.net'),(573,'韩倩','湖北省雪县永川梁路J座 872083','18066095680','juan06@yahoo.com'),(574,'曾文','广西壮族自治区淮安县金平徐街P座 208535','15522356788','qzhu@yahoo.com'),(575,'黄丹','北京市鹏市沙湾兴安盟路u座 702678','13337612512','juan31@dong.cn'),(576,'吴洋','青海省永安市六枝特黄路U座 879102','13607673139','junjin@gmail.com'),(577,'李旭','广东省香港市黄浦齐齐哈尔路j座 392430','18526762709','zxie@gmail.com'),(578,'胡燕','湖北省东莞市朝阳涂街L座 857969','15092708929','min59@gang.cn'),(579,'谢洁','西藏自治区华县丰都沈阳街k座 651054','13933827355','hxiang@an.cn'),(580,'廖旭','香港特别行政区荆门市新城谌街c座 717712','13205949931','esu@lei.cn'),(581,'马凤英','黑龙江省红梅市怀柔上海街T座 921404','13159310411','ping15@hotmail.com'),(582,'刘丽丽','青海省淑华市华龙申街c座 373620','13067601407','jchang@59.net'),(583,'杨俊','黑龙江省杨县西峰关岭路x座 120666','15183937156','gangzhou@juanyang.cn'),(584,'阎小红','北京市六安市双滦呼和浩特街j座 168155','13761329198','caixiulan@gmail.com'),(585,'李琴','海南省淮安县梁平太原路q座 189092','13627517667','xiulanjiang@xiulanxiang.cn'),(586,'姜秀英','云南省齐齐哈尔市翔安颜街n座 372459','14500905768','eyi@nachang.cn'),(587,'王俊','河南省郑州县永川张路Q座 710137','15716661055','pengtao@tang.cn'),(588,'刘平','吉林省杨县城北广州路E座 569929','18919617832','xiadong@xiulanmin.cn'),(589,'韦英','广东省南昌县南湖石家庄路j座 377082','18044954982','sxia@ye.cn'),(590,'赵颖','浙江省兵市新城昆明路o座 698931','18176025053','caijun@yahoo.com'),(591,'冯洁','湖北省志强县高坪徐路A座 853796','13865160405','weisong@yahoo.com'),(592,'符玉梅','广西壮族自治区建国市滨城冯路z座 983676','13803729945','chenyang@08.cn'),(593,'司桂芝','西藏自治区丽娟县友好拉萨路Q座 273988','14588668021','ptian@hotmail.com'),(594,'黄丽丽','陕西省武汉市清浦广州路o座 918419','18785555585','wzhu@ay.cn'),(595,'王婷婷','北京市霞县华龙贺路a座 678349','18668167196','huangjing@bk.net'),(596,'吴林','新疆维吾尔自治区淑兰县东城六盘水路G座 841072','15083358091','oliu@jingwu.cn'),(597,'周岩','上海市永安市普陀张路D座 956194','15071313607','wei56@gmail.com'),(598,'郑建华','黑龙江省张家港市静安合肥街D座 111315','15818076455','linjing@yahoo.com'),(599,'莫雷','山西省桂花县清浦但路M座 855995','14584393712','jing28@gmail.com'),(600,'孟玉兰','河南省荆门县和平许路m座 890724','18114568998','xia87@jie.cn'),(601,'聂佳','山西省建华县长寿赵路z座 553844','15888982804','apan@gmail.com'),(602,'王淑兰','陕西省畅市江北兴城街i座 802933','18940814199','zmao@yahoo.com'),(603,'袁桂花','贵州省雪梅县大东西安路B座 411850','15196384002','junxiong@yx.cn'),(604,'蔡春梅','湖南省杰市大兴韦路e座 896747','13381669944','yanglin@lijiang.cn'),(605,'匡婷','湖北省南昌市吉区蔡路J座 417630','13853479365','chao13@hotmail.com'),(606,'陈建国','湖北省大冶县大东巢湖街E座 739071','13502639266','dxiang@hotmail.com'),(607,'郭桂芝','江苏省梧州县兴山齐齐哈尔路S座 616401','13791177237','jinyan@songfeng.cn'),(608,'张琴','宁夏回族自治区东市牧野潮州街w座 448197','15283183850','leiqian@hotmail.com'),(609,'申波','西藏自治区南京市朝阳香港街I座 513827','13730359773','jlu@yahoo.com'),(610,'刘秀华','上海市长沙县友好郑州街p座 769362','14579923565','xiuyingyang@yahoo.com'),(611,'刘帅','河北省春梅县清城太原路h座 332281','18248007507','gangduan@04.cn'),(612,'孔莹','江苏省沈阳县兴山许路S座 353175','14554348170','lei20@81.cn'),(613,'苏军','山西省婷婷县龙潭冯路q座 518560','13776308814','minjin@gmail.com'),(614,'陈桂香','江苏省冬梅县海陵梁街U座 245208','15370934843','xiawen@junjing.cn'),(615,'齐雪梅','新疆维吾尔自治区北京县怀柔曾路h座 426889','13279423309','sliang@gmail.com'),(616,'姜桂芳','黑龙江省荆门市沈北新辽阳路R座 913567','18709865193','min96@gmail.com'),(617,'张梅','广东省兴城市龙潭张街M座 590809','15329658897','fhu@hotmail.com'),(618,'何晶','河南省福州县浔阳兰州街n座 945220','13785931544','luoxiuying@hotmail.com'),(619,'陆华','青海省马鞍山县魏都王路z座 378531','15147087876','ujia@gmail.com'),(620,'夏金凤','安徽省嘉禾县花溪路街m座 641177','15543626024','xielei@gmail.com'),(621,'韦文','黑龙江省潮州市华龙刘街s座 220245','13221597340','jing60@liangdeng.net'),(622,'陈桂芳','海南省兴安盟市山亭孟路T座 509912','15581468872','qqiao@yahoo.com'),(623,'杨俊','福建省巢湖县长寿兴城路K座 809211','13168457152','nagu@xiulan.cn'),(624,'萧秀芳','河北省成都县门头沟徐路o座 514493','18061107401','tsu@45.cn'),(625,'潘志强','台湾省南昌市南湖宁德路a座 238703','13843226353','ffeng@gmail.com'),(626,'孙博','内蒙古自治区超市怀柔廖路I座 328912','15965374670','hanyang@xiayang.cn'),(627,'张志强','广西壮族自治区晶县上街南昌街R座 791892','15853205955','min85@gmail.com'),(628,'崔建国','台湾省荆门市闵行方路H座 955699','13657942252','xiaping@jintang.cn'),(629,'张斌','广西壮族自治区博县永川台北街A座 252709','13427184683','pzou@gmail.com'),(630,'任桂芝','宁夏回族自治区健县花溪杜路Q座 341304','13285517584','jingwu@yahoo.com'),(631,'宋玉华','青海省乌鲁木齐市兴山南宁街D座 702722','13254771080','dongguiying@hotmail.com'),(632,'刘秀云','香港特别行政区丹丹县西夏刘街E座 931812','13897407098','juanpeng@gmail.com'),(633,'陈淑华','西藏自治区佳县花溪兴安盟路b座 469442','13374741430','lumin@caocui.cn'),(634,'黄兰英','广西壮族自治区鹏县崇文北京路C座 766281','13094498924','luoyong@shenwu.cn'),(635,'朱玉华','台湾省宜都市蓟州合肥路x座 994134','13117915752','yongliang@gmail.com'),(636,'朱桂花','澳门特别行政区辽阳市山亭齐齐哈尔路e座 595155','14541010468','chengli@haoli.cn'),(637,'周佳','海南省杨县滨城海口路Q座 451437','15245645371','yang77@hu.cn'),(638,'周志强','贵州省兰州县长寿关岭路G座 174858','15643390191','jingliao@yahoo.com'),(639,'张玲','内蒙古自治区璐市黄浦杨街R座 979298','18836722350','minwei@jun.cn'),(640,'刘丽','江西省巢湖县南湖长春路m座 650783','15177361383','yang18@hotmail.com'),(641,'徐莹','陕西省北镇县蓟州黄街V座 577877','18077419493','gtang@hotmail.com'),(642,'韩雪','北京市兴安盟市淄川董路u座 140293','15113086644','lili@iy.cn'),(643,'董桂芝','辽宁省东莞市房山王街i座 651850','13280744686','yangfang@hotmail.com'),(644,'陆阳','江苏省梧州市滨城朱街D座 769292','15794883706','yanren@gmail.com'),(645,'高雪梅','江苏省宁县静安合肥街T座 994033','13694014051','dengguiying@guiyinggang.cn'),(646,'汤桂芝','新疆维吾尔自治区武汉县秀英黄街a座 452009','13786381411','mxiang@gmail.com'),(647,'郭想','湖南省红梅市清浦兰州街h座 813188','15987632428','jinmin@gmail.com'),(648,'张楠','北京市芳县秀英韦街A座 439423','18781053459','cfang@hotmail.com'),(649,'李桂珍','台湾省广州县西夏姜街w座 364474','13431617127','lianggang@jing.org'),(650,'孟莉','河南省海门市沙市嘉禾路J座 389518','13756305327','li22@yangjun.cn'),(651,'王欣','宁夏回族自治区桂荣县锡山黄街v座 658291','13059267663','zhangxiulan@li.cn'),(652,'吕瑞','广东省汕尾市双滦王街g座 431385','13970613857','oxiao@hotmail.com'),(653,'杨琴','山东省荣市闵行齐齐哈尔街Y座 462148','15864914836','duanyan@gmail.com'),(654,'刘磊','广东省兴城县高明高路k座 629701','18660510946','xiuying31@fenggong.cn'),(655,'徐晶','安徽省桂芝市白云永安街P座 557453','15821531538','xiuying42@luo.com'),(656,'任洁','山东省晶县新城侯路E座 502817','15705925368','juan34@panhu.cn'),(657,'倪玲','天津市石家庄市蓟州韦街r座 630476','14705315964','leigu@yanwen.cn'),(658,'孙冬梅','甘肃省永安市怀柔阜新街n座 603522','13201502841','uqiao@xiuying.cn'),(659,'刘红梅','海南省齐齐哈尔县合川南昌路R座 849005','18994285931','xluo@gmail.com'),(660,'高晨','山西省济南县城东陈街K座 460101','15280534413','yanzhang@minyong.cn'),(661,'刘红','山东省辛集市萧山蒋路G座 785105','15546557315','fang12@gu.cn'),(662,'陈阳','福建省静市翔安六安街O座 222004','13203868399','yijie@hotmail.com'),(663,'杨娟','云南省杭州市清河杜街G座 347359','15963266936','xialiang@yahoo.com'),(664,'李波','北京市丹丹市龙潭王路q座 313878','15833961488','zouqiang@hotmail.com'),(665,'焦畅','澳门特别行政区华县南溪西宁路m座 959259','18905093480','xiangjun@junzhao.cn'),(666,'李倩','天津市平县城东广州街e座 779237','18856534384','jie17@yahoo.com'),(667,'赵丹丹','江苏省淑华市上街郭街m座 413301','18019510168','qinyan@pan.net'),(668,'周龙','西藏自治区娜县兴山汕尾路I座 795555','18016140205','li46@chaomeng.cn'),(669,'程婷','天津市小红县房山兰州街C座 583639','18078736543','na74@hotmail.com'),(670,'董凤兰','辽宁省南京市浔阳夏街L座 796564','18013077133','nasong@hotmail.com'),(671,'曾彬','澳门特别行政区马鞍山县朝阳阎路O座 283983','18056857974','gang04@yk.cn'),(672,'程婷婷','云南省荣县南溪马鞍山路S座 338836','15890244435','weitao@yahoo.com'),(673,'梁雪','台湾省华县西夏高路W座 654357','15141056044','gyan@yahoo.com'),(674,'王秀英','吉林省冬梅县滨城董街i座 325962','15720667837','ming31@gmail.com'),(675,'林桂芝','澳门特别行政区宁市永川潮州街w座 207126','18708681605','wei87@gmail.com'),(676,'龚玉华','海南省桂兰市和平通辽路M座 929567','18047797681','na00@yahoo.com'),(677,'马楠','台湾省金凤市南溪齐齐哈尔路Y座 300894','18764983890','yanwan@gmail.com'),(678,'左彬','新疆维吾尔自治区志强县东城赖街J座 406303','18715084884','maoming@li.cn'),(679,'刘娜','台湾省楠县龙潭柳州街E座 331079','18626678177','tanlei@gmail.com'),(680,'王建平','江苏省南京县高港海口路H座 450799','13044928957','mchang@xiuyingzhu.cn'),(681,'陈亮','江苏省荣市梁平张路X座 338017','13077055039','ming10@yahoo.com'),(682,'王军','西藏自治区海口县大东张街J座 224980','15313927227','ljia@hotmail.com'),(683,'陈建','陕西省汕尾市花溪周街N座 273275','18660006449','juan51@gmail.com'),(684,'王洋','四川省齐齐哈尔县南长兴安盟路G座 971355','15730451571','isong@yahoo.com'),(685,'尚丽','北京市志强县城北罗路R座 417922','13549872622','yiwei@li.cn'),(686,'隋丽丽','上海市楠市兴山阜新街s座 199954','13513731243','liwu@gmail.com'),(687,'李静','贵州省秀兰县高港张街z座 920449','18165665634','gang64@hotmail.com'),(688,'李建华','重庆市张家港市魏都杜路g座 274487','13291358396','exiao@xiangtao.org'),(689,'吕桂芳','江苏省欣县东城太原路k座 288113','13792902027','xdu@xie.cn'),(690,'张丽华','新疆维吾尔自治区亮县崇文嘉禾街j座 149006','13970815671','yanchang@yahoo.com'),(691,'李刚','河南省大冶市城北佛山街D座 619526','15964929014','nahan@weifang.org'),(692,'李桂英','湖北省贵阳县白云张路n座 655373','18135063938','xiachao@yd.cn'),(693,'郑淑英','福建省银川市双滦昆明街J座 321144','15252723940','chao84@yahoo.com'),(694,'鞠琳','北京市莉市友好杨街V座 482002','13285156278','leipeng@yahoo.com'),(695,'周敏','浙江省惠州市永川宋路O座 464288','18692218459','pingqin@yahoo.com'),(696,'王飞','重庆市北镇县萧山辽阳街N座 604258','13829697546','pingjiang@minjin.cn'),(697,'霍桂香','湖南省郑州县清浦耿街G座 693099','15148751400','jzhong@yahoo.com'),(698,'李玉','内蒙古自治区岩县西夏牛街u座 252923','15297703820','wei68@fan.cn'),(699,'王坤','内蒙古自治区杰县魏都昆明路Z座 482192','15604725553','chaofu@yahoo.com'),(700,'王杰','山东省长春市大兴高街U座 357376','18857796657','xiaoming@hotmail.com'),(701,'展桂珍','广西壮族自治区海门县长寿成都街C座 515436','13523579755','achen@liu.cn'),(702,'王淑华','云南省汕尾县南长张街W座 411634','13328234272','wei45@mingwu.cn'),(703,'冯秀云','青海省昆明县沙市长沙路b座 844941','18704793156','tianjun@yongping.cn'),(704,'孙桂荣','四川省荣市沈北新杭州路V座 266874','14791295739','fang00@min.cn'),(705,'谢博','河南省颖市城东沈阳路d座 556929','14598250367','fangding@hotmail.com'),(706,'张倩','香港特别行政区张家港市永川沈阳街O座 999353','13841591199','nzheng@xia.cn'),(707,'李利','湖北省丽县大东徐路S座 219789','15220674047','na54@qg.net'),(708,'何颖','吉林省晶市蓟州辛集路K座 597832','18875417856','zhongchao@gmail.com'),(709,'黄霞','四川省西安县友好王路k座 731693','15552965993','litao@natao.net'),(710,'李颖','河北省拉萨县普陀谢路C座 704989','18951553338','fengjuan@jingqiang.cn'),(711,'杜峰','新疆维吾尔自治区建军市山亭乌鲁木齐街U座 299664','13653211527','axiong@xieqin.cn'),(712,'张敏','香港特别行政区丹县海陵福州路q座 554428','15070945319','wei20@gmail.com'),(713,'陆淑英','湖南省明市南溪六安路G座 175420','13190334868','fanghe@qiuliu.cn'),(714,'刘芳','重庆市广州市山亭西安路d座 980863','13033719467','juanxia@houyan.cn'),(715,'王建','广西壮族自治区志强县高港潜江路E座 436102','18976101993','tangming@yahoo.com'),(716,'高想','河南省嘉禾市花溪朱路V座 260237','18899875429','li02@qiu.net'),(717,'张娜','上海市惠州市上街南昌路n座 281282','18291762895','dpan@hotmail.com'),(718,'林瑞','青海省莉县淄川宜都路k座 818983','15295438659','chao55@hotmail.com'),(719,'李桂珍','台湾省桂珍县房山周路w座 660833','13758792563','zhujuan@junxiao.cn'),(720,'李辉','吉林省海口市翔安马鞍山路j座 394253','18590002680','weishen@yang.cn'),(721,'关浩','北京市秀珍县六枝特苏路j座 745470','13600284912','fang28@gmail.com'),(722,'苏彬','广东省想市萧山合山街O座 666136','13013460127','qiang33@hotmail.com'),(723,'张春梅','上海市张家港市沈河西宁路z座 434303','13010054146','hliu@gmail.com'),(724,'张冬梅','新疆维吾尔自治区晶市闵行张路K座 634590','18668257246','qiangyu@hotmail.com'),(725,'李璐','内蒙古自治区西宁市南湖赵路s座 173871','18219051280','syin@fuyao.net'),(726,'萧斌','青海省关岭市沙湾长沙街E座 756311','15174601004','kduan@38.cn'),(727,'吴丽丽','澳门特别行政区西宁县清城白路o座 818970','18824445494','duanxiuying@91.cn'),(728,'黄婷','河南省张家港市兴山贵阳路P座 999463','14599256015','zyin@na.cn'),(729,'杨兰英','湖北省丹丹县房山唐路O座 146144','14778219347','guiyingyi@yf.cn'),(730,'曾欢','陕西省齐齐哈尔市长寿永安街d座 180228','18076910768','liangyang@90.cn'),(731,'杜婷婷','西藏自治区巢湖市城北韩路p座 375337','13856892308','phou@87.cn'),(732,'石建平','黑龙江省雷市花溪汪街K座 520907','18886820256','xiulan51@hotmail.com'),(733,'陈秀云','山东省帅县高港潮州街C座 152908','13429145218','yangqiang@guiyinglu.cn'),(734,'吴晨','青海省兰州县六枝特东莞街s座 890259','14728168379','mingdu@gmail.com'),(735,'卢明','甘肃省西宁市西夏庞路L座 409241','15893602714','fangxia@fang.cn'),(736,'姬凤兰','福建省深圳县魏都西宁街q座 805219','13680784865','ufang@yahoo.com'),(737,'郑小红','贵州省永安市城北李路I座 461906','18655543496','tanggang@jianglong.cn'),(738,'张兰英','湖南省马鞍山县高坪韦街K座 635479','15891048143','yan53@yahoo.com'),(739,'王桂荣','江苏省淑英县大兴方路h座 600130','13573196371','liuxiuying@rs.com'),(740,'凌杰','江西省香港县华龙杨街Y座 926202','13637805227','junwei@guolai.cn'),(741,'骆桂英','天津市玲市高坪辽阳街r座 285413','15288487017','xia34@gmail.com'),(742,'赵俊','甘肃省哈尔滨市魏都重庆街U座 670957','14763737965','mingkong@gmail.com'),(743,'张玉梅','河北省红霞县翔安成都路U座 408451','13203213251','izhong@yahoo.com'),(744,'叶秀云','湖北省深圳县南长宁德街C座 968301','15544182170','juanzeng@yahoo.com'),(745,'金丽丽','香港特别行政区飞县友好关岭街l座 994179','13008607875','panping@gmail.com'),(746,'张欣','内蒙古自治区柳市徐汇天津街Z座 782527','13568152243','jiamin@yahoo.com'),(747,'康秀兰','辽宁省成都市萧山梁街X座 394617','15720789523','na64@feng.org'),(748,'王秀梅','台湾省强市南溪六盘水街u座 121957','13356461121','baimin@gmail.com'),(749,'唐瑜','甘肃省杭州市南长郭街Q座 635737','13497402974','guiyingduan@yang.cn'),(750,'漆冬梅','江西省玉珍市清河徐街Y座 352394','15268209510','gangye@wang.cn'),(751,'张凤兰','西藏自治区梧州县梁平杨街K座 957533','13586633930','sduan@gmail.com'),(752,'苏健','西藏自治区军县江北邢路f座 740739','14551697152','xia52@re.cn'),(753,'陈玲','内蒙古自治区嘉禾市黄浦阜新街M座 941262','15952618258','kliang@gmail.com'),(754,'刘建','广西壮族自治区慧市龙潭吕街R座 280660','13988975422','jdu@hotmail.com'),(755,'莫阳','河北省宁县双滦王路J座 178184','15980138205','yongfang@gmail.com'),(756,'周静','香港特别行政区婷婷县金平郑路G座 583775','13651801743','kangyong@xue.cn'),(757,'王丽','湖北省凯市清浦仇街i座 142930','13439400070','esu@ss.cn'),(758,'张桂芳','北京市楠市黄浦西宁街w座 404782','13711022250','yangwang@hotmail.com'),(759,'田冬梅','青海省海门市朝阳王路F座 202268','13925845154','xiuyingliu@yahoo.com'),(760,'仇阳','上海市艳市沙湾银川路e座 430960','13238517717','qianyong@licui.com'),(761,'彭玲','上海市呼和浩特县海陵关岭街W座 829298','13603104891','liyan@gangzhou.cn'),(762,'高磊','香港特别行政区南京县江北李路v座 371849','13162743896','mengyong@juanxiuying.net'),(763,'乔鹏','山东省玉市东城罗街j座 335923','13319267002','pengjing@gangjie.cn'),(764,'贺秀华','湖南省辉市孝南许街D座 668259','15880824888','xiuying56@xiulan.cn'),(765,'潘晶','陕西省福州市浔阳何路i座 187369','13375650453','weiliao@changzeng.cn'),(766,'陈雪','山西省霞市城东齐齐哈尔街V座 215114','15014242552','zhaowei@hotmail.com'),(767,'蔡宁','江苏省亮县和平西安路H座 540490','14562941520','wsu@fang.cn'),(768,'黄鑫','湖南省郑州市城北成都路B座 161904','13952563186','qiulei@hotmail.com'),(769,'冯瑞','北京市成都市西夏王街r座 698545','18912986873','yang31@gmail.com'),(770,'陈成','吉林省宜都县沙湾米街y座 357153','15181112010','dwu@hotmail.com'),(771,'邢婷','北京市西宁县和平张家港街a座 929884','15719948465','pingma@wu.cn'),(772,'梅杰','西藏自治区哈尔滨市安次北镇路P座 558188','13460718520','xiulan80@yahoo.com'),(773,'吴畅','湖南省合肥县沈北新刘路j座 754747','14736202988','xiuyingdai@yahoo.com'),(774,'戴秀荣','湖北省鑫县和平潜江街C座 887587','15843130605','yyi@yahoo.com'),(775,'宋冬梅','澳门特别行政区红市涪城邯郸路Y座 918571','13743259144','tao90@gmail.com'),(776,'谢雪','广东省琳市上街南昌街l座 132058','13533552706','ming80@yahoo.com'),(777,'刘凤兰','黑龙江省旭市闵行武汉路e座 865642','13938618898','qyuan@pp.cn'),(778,'李想','北京市莹县丰都董路y座 535237','15559008666','bshi@dingdai.cn'),(779,'赵倩','吉林省杭州县浔阳张路j座 336062','13516034015','fangzheng@hotmail.com'),(780,'吕英','青海省浩市合川黎路r座 318978','13121312364','tanjie@wangding.cn'),(781,'马欣','河北省淮安县梁平福州街J座 723754','15636875864','xiulandeng@xiang.org'),(782,'李兵','西藏自治区北镇县南湖福州路E座 562544','13513575854','xiuying20@np.cn'),(783,'季莉','浙江省哈尔滨市房山郭街y座 648145','14586501111','weiping@yuan.cn'),(784,'宋琴','香港特别行政区佳市涪城刘街o座 488517','18525219322','xiuying28@lu.cn'),(785,'张秀云','福建省佳县滨城张路x座 657933','13874690481','juan14@wan.cn'),(786,'黄淑兰','云南省阳县安次陈路D座 255809','18141675743','jing39@rc.cn'),(787,'萧斌','北京市建国市大东李街S座 995728','18038722989','nachang@guoxiong.cn'),(788,'李兰英','重庆市倩市新城陈街p座 256512','15009713664','liaojuan@mintao.cn'),(789,'陈磊','青海省想县高明张街l座 405510','18562101989','naliu@xiuyingyang.net'),(790,'李淑珍','香港特别行政区南宁市沙市冯街S座 549706','15743301909','mzhong@gang.cn'),(791,'徐超','辽宁省霞市沈河香港路N座 363781','18581762595','taojie@69.cn'),(792,'李荣','江苏省嘉禾市合川张街n座 571360','18626337743','xuechao@gang.org'),(793,'马霞','江苏省鹏县高港呼和浩特路j座 333263','15782613650','chao59@pingwei.cn'),(794,'李凤英','广西壮族自治区佛山县高坪王路L座 133179','15774133161','xia65@wei.cn'),(795,'丁玉英','天津市伟县沙市兴安盟路U座 721302','13545292086','zhujing@yahoo.com'),(796,'秦红','香港特别行政区西安市海港池街j座 710316','14545648024','yang92@mt.cn'),(797,'刘冬梅','浙江省玉县东城南宁街P座 998049','13376842430','elai@yahoo.com'),(798,'聂秀兰','安徽省天津县吉区孙街j座 357127','14532025323','na74@yahoo.com'),(799,'曾玉','湖北省深圳县浔阳深圳路q座 393485','18891477376','zhongyang@91.cn'),(800,'刘琴','吉林省淑华县上街郑街W座 475036','13747506131','kliang@gangzhong.cn'),(801,'李秀荣','上海市广州市长寿北镇路w座 176148','13411887423','ydeng@hotmail.com'),(802,'王秀芳','江西省大冶县大兴南昌街i座 327888','15656711883','zhongjie@gmail.com'),(803,'吴玲','陕西省广州市西峰吴路i座 679015','15142628918','ywang@hotmail.com'),(804,'陈强','河北省兴城县崇文张路B座 187934','13461582421','hcheng@gmail.com'),(805,'尹建国','浙江省楠县清浦汕尾街B座 696853','14726881197','shenxiulan@xiuying.cn'),(806,'李林','山东省瑜市蓟州刘街s座 786254','15168321467','yanfang@guiyingmin.cn'),(807,'王桂荣','江苏省坤县闵行张家港街z座 622886','13509543609','na92@gmail.com'),(808,'高旭','江西省南京县花溪北镇街K座 635754','15576429903','jing66@gmail.com'),(809,'罗玉英','河北省浩市花溪永安街G座 867445','15050607555','ping99@41.cn'),(810,'罗彬','江西省玲县沙湾涂街c座 889574','18825183346','weiliao@gmail.com'),(811,'刘楠','江苏省关岭县璧山辽阳街c座 680833','15952308219','xia14@gmail.com'),(812,'吴桂珍','福建省梧州县安次兴城路X座 411040','15244221843','baixiulan@juanxiuying.net'),(813,'胡东','广东省天津市金平南昌街R座 370031','13596657478','hexiuying@bm.cn'),(814,'陈玲','广西壮族自治区沈阳县南湖雷街Q座 744465','15872146645','mingzhu@zengmeng.cn'),(815,'杨鑫','福建省红霞县沈河李街k座 105735','15352394109','zhangfang@hotmail.com'),(816,'鞠玉','新疆维吾尔自治区秀芳市梁平王路Q座 277578','18220959330','zbai@gmail.com'),(817,'卢杨','北京市银川市西峰兰州路N座 389234','15604203649','min22@pw.net'),(818,'王淑英','陕西省拉萨县静安许路B座 622904','18056099081','qiang20@yongli.cn'),(819,'陈桂英','陕西省丹县城北蔡路r座 338934','15023750155','wei91@xiaozhong.cn'),(820,'孙磊','浙江省琴市璧山迟路e座 343393','15566897936','yjia@pingjuan.cn'),(821,'周建军','湖南省成都市黄浦张路E座 616379','18139827026','fantao@yahoo.com'),(822,'曹婷','新疆维吾尔自治区桂香市南长石家庄街q座 257184','18213931934','wei05@gmail.com'),(823,'叶琴','北京市西安县花溪武汉路w座 717876','13407240963','zhuyong@yahoo.com'),(824,'张凤兰','河北省哈尔滨市合川梁街e座 584485','15748052412','tao78@leixiulan.cn'),(825,'李小红','宁夏回族自治区宇市永川芦街I座 961019','18976641456','wanyong@yan.cn'),(826,'邓娟','河南省兴城市璧山天津街K座 512360','14522422823','fangxia@qiang.cn'),(827,'薄海燕','浙江省林市徐汇合肥街d座 271916','13540376656','huangli@min.cn'),(828,'赵文','云南省佳市萧山胡路j座 936218','13319428179','ichen@yahoo.com'),(829,'李磊','广西壮族自治区玉县沙市贵阳路t座 507329','15369309564','panmin@gmail.com'),(830,'陆琳','河北省玉英市城北仲路H座 323276','18725003447','xiaoyong@yongyong.cn'),(831,'杨丽娟','陕西省浩县翔安王路J座 307980','13522932962','chengtao@ming.cn'),(832,'朱桂兰','安徽省莉县大兴沙街N座 325905','15998575053','leidong@liangyu.cn'),(833,'姚洁','广西壮族自治区玉珍市吉区彭街x座 591037','13584615241','mingcheng@yahoo.com'),(834,'王桂芝','湖南省辽阳县西峰冯路V座 823033','15701744379','lilei@hotmail.com'),(835,'聂静','福建省畅市山亭丁路d座 137588','13358866181','zhaona@gmail.com'),(836,'梁雷','安徽省欣市花溪余路S座 901434','18226905311','shenxiuying@pingjuan.cn'),(837,'王建华','福建省呼和浩特县丰都程路a座 388865','15235827601','psong@hotmail.com'),(838,'张淑英','天津市太原市永川银川街x座 554692','14560584801','shenfang@jiemin.cn'),(839,'范成','辽宁省惠州市崇文沈阳街q座 457387','14542444757','xiongjie@pingxue.cn'),(840,'陈慧','香港特别行政区文县永川潮州街r座 220348','18752028975','iwu@luosun.cn'),(841,'刘婷','北京市红霞县翔安王街y座 514881','14701983297','lei83@jia.cn'),(842,'陈杰','四川省武汉县清浦郑街R座 552336','13152648870','jing69@yahoo.com'),(843,'王柳','浙江省柳州市永川关岭路I座 843702','15082696557','nacheng@yahoo.com'),(844,'赵俊','新疆维吾尔自治区金凤市沈河汕尾路f座 523457','18643925571','jiefang@jingna.cn'),(845,'王桂芝','内蒙古自治区天津县静安宁街Z座 284049','13163206101','xxu@xiuyingmin.cn'),(846,'鞠淑珍','广东省辛集县蓟州拉萨街d座 705457','18569627358','flin@hotmail.com'),(847,'郭淑兰','广东省玉英市闵行张街j座 495488','18974882025','cxue@yahoo.com'),(848,'赵俊','江西省芳县海陵商路L座 581065','14567874103','wqiao@guiyingjing.cn'),(849,'马波','广西壮族自治区银川市沙湾兴安盟路t座 269529','18040243218','liangfang@juanna.cn'),(850,'黄秀梅','上海市宜都县牧野通辽街e座 820641','14740770658','guiyingguo@fanghu.cn'),(851,'罗建平','西藏自治区荣县龙潭拉萨街A座 960934','14529004580','qiangren@yahoo.com'),(852,'陆凤兰','青海省潜江县清城嘉禾路w座 210263','14538776770','gangchen@juanlai.net'),(853,'王涛','辽宁省玲县魏都西宁路w座 552027','18231176190','jie70@hotmail.com'),(854,'巫欣','安徽省海门市山亭广州街H座 534333','13797024879','kliang@pa.cn'),(855,'林成','香港特别行政区淮安市沈北新张街P座 164121','18569720956','jie04@fangliu.cn'),(856,'张淑华','辽宁省凤兰县六枝特永安街E座 448594','14524588662','rxia@xuqin.com'),(857,'纪华','重庆市广州市沈北新孙街G座 540047','18581536455','taoshao@xu.com'),(858,'罗欢','北京市澳门县怀柔六安路X座 223109','14554451696','szhu@gmail.com'),(859,'倪斌','湖南省潜江市沙湾何路q座 199317','15515226249','ming91@hotmail.com'),(860,'朱文','广东省六安县南长香港街v座 741779','15643748630','mingyao@hotmail.com'),(861,'李凯','宁夏回族自治区合肥市六枝特南京街B座 978303','18051483509','ping05@gang.cn'),(862,'周健','台湾省兵市南溪福州街g座 365764','13923795038','yili@yahoo.com'),(863,'杨秀英','青海省倩市高明沈街X座 965928','13205894904','jun85@yahoo.com'),(864,'熊明','宁夏回族自治区柳州县高坪胡路h座 889668','18250794277','denggang@yahoo.com'),(865,'谢凤英','香港特别行政区济南县花溪梧州街D座 123222','15208508153','yijie@gmail.com'),(866,'赵志强','上海市颖市沈河赵路t座 617433','13215109542','ming92@yahoo.com'),(867,'徐龙','江苏省梅市魏都合肥路g座 247735','13027981061','huangyang@yahoo.com'),(868,'廖伟','香港特别行政区亮县南溪王街Y座 654645','15821801573','sfu@yahoo.com'),(869,'常辉','江西省海燕县静安南京街P座 380502','18867383763','cpan@hotmail.com'),(870,'李林','河北省永安县西夏永安街r座 384654','13882590085','fanjing@yahoo.com'),(871,'陈亮','西藏自治区拉萨市上街辛集街k座 931576','13409865038','ypeng@yahoo.com'),(872,'萧婷婷','山东省利市高明深圳路f座 404458','13400991788','jun05@gmail.com'),(873,'胡建华','河北省六安市闵行邯郸街M座 856804','13298342477','wei88@hotmail.com'),(874,'陈波','湖南省成都市双滦蔡路g座 669358','15700447652','qiang37@yahoo.com'),(875,'张桂英','山东省太原市花溪石街K座 944906','15574378949','cding@gmail.com'),(876,'向雪梅','重庆市关岭县上街熊街O座 861463','15014885226','ganggong@gmail.com'),(877,'刘杨','内蒙古自治区秀梅市六枝特西宁街l座 856595','13501724001','na29@91.cn'),(878,'吴建华','广东省飞市白云朱街I座 681351','18248946649','xia34@cv.org'),(879,'李桂英','江西省通辽市安次上海街f座 879978','15363036342','laixiulan@ren.cn'),(880,'陈文','甘肃省福州县蓟州乌鲁木齐街Y座 895940','13766915614','maoxiuying@hotmail.com'),(881,'李瑜','广西壮族自治区杭州县花溪刘街O座 289744','15558776783','weipeng@gmail.com'),(882,'丰宇','黑龙江省巢湖县双滦梁街e座 961912','15933713878','wjia@kongqin.cn'),(883,'卢秀荣','澳门特别行政区海口市蓟州巢湖街F座 316515','15320910840','weiwen@55.net'),(884,'许琳','内蒙古自治区宁德市合川太原街F座 520954','18525364420','fang26@hotmail.com'),(885,'蒋杰','青海省桂荣市怀柔傅路Q座 220360','18006169623','tdai@chaoqiao.cn'),(886,'郑桂珍','重庆市宁德市城北吴路D座 345884','13442174923','yandai@jinzou.cn'),(887,'刘亮','重庆市玉华市门头沟刘街I座 748488','13342154235','xueping@yahoo.com'),(888,'高玉兰','台湾省兵市孝南荆门街W座 671489','13287566047','ilin@94.net'),(889,'陈凤英','广东省雪梅县魏都广州街y座 617757','13904644293','dding@gmail.com'),(890,'郝建华','浙江省重庆县门头沟台北路X座 140159','13938178640','ulu@hh.cn'),(891,'郑玉','澳门特别行政区香港县金平成都路X座 461116','13084439479','luli@hotmail.com'),(892,'邓超','浙江省涛县孝南沈路X座 581681','18045263618','dengna@jie.org'),(893,'洪想','辽宁省刚县沙湾麦街D座 191769','13981597771','ming46@yang.cn'),(894,'沈凤英','贵州省潮州县金平冯街U座 983744','13800438754','pingduan@yangfang.cn'),(895,'徐凯','湖南省秀英县永川瞿路f座 504541','15085878548','weiqiao@gmail.com'),(896,'阴玉梅','湖北省兴城县新城齐齐哈尔路A座 327045','13329291965','ming62@55.cn'),(897,'傅建国','福建省淮安县和平西宁路Z座 122956','15170436940','yan25@gmail.com'),(898,'胡坤','江苏省海口市东丽重庆街Q座 764309','15887208243','weiyu@chao.cn'),(899,'梁丹','澳门特别行政区雪梅县牧野缪街V座 643539','15097492361','yangyang@hg.cn'),(900,'王秀英','江西省嘉禾市牧野郝街r座 930997','15693736437','weihou@juanmin.cn'),(901,'聂荣','江西省柳县南溪卢路a座 182498','15349086771','juan73@gmail.com'),(902,'赵彬','湖南省兰州市萧山严街c座 674083','18912237180','ktan@hotmail.com'),(903,'姚洁','安徽省永安县崇文西安路f座 483507','18169308034','chao53@hotmail.com'),(904,'陈健','北京市欢县山亭曹路u座 424863','13220777195','fufang@86.cn'),(905,'徐浩','广西壮族自治区博县山亭宁德路a座 500654','13704542013','uyan@gmail.com'),(906,'胡明','内蒙古自治区平县沈北新郭路X座 623162','15563147487','imo@jia.cn'),(907,'陈玉华','重庆市兵市西峰柳州街H座 685143','13064220197','wugang@jiang.cn'),(908,'李斌','台湾省飞市朝阳徐街h座 446875','15385648403','wei75@es.cn'),(909,'祝凤兰','黑龙江省楠市房山哈尔滨街t座 283790','18668544206','xiulanwan@ming.cn'),(910,'金晶','贵州省雪县龙潭张街d座 374544','15512127627','panxia@37.cn'),(911,'刘丹','黑龙江省芳县花溪蓝街q座 682568','15734999274','fang15@yahoo.com'),(912,'蔡超','山西省玉珍市高坪沈阳路v座 784712','14583448740','yong53@nayin.cn'),(913,'朱峰','香港特别行政区辽阳市黄浦深圳街f座 309201','18722727816','bjia@xiuying.cn'),(914,'刘秀华','湖南省银川县白云魏街g座 346465','14760264095','lmo@gmail.com'),(915,'王红梅','安徽省海门县孝南张家港路R座 310757','14729460079','guiying73@ming.cn'),(916,'黄洋','福建省南宁市六枝特王街x座 891577','14763959885','min52@gmail.com'),(917,'岳琳','澳门特别行政区鑫县朝阳万路L座 941756','15754798216','jun16@yahoo.com'),(918,'武飞','吉林省萍县丰都赵路k座 601830','14574407482','lxia@yahoo.com'),(919,'秦建军','上海市畅市西夏淮安路J座 759756','18514501941','weisu@hotmail.com'),(920,'崔强','吉林省哈尔滨县萧山李路j座 639439','13050327884','guoming@yahoo.com'),(921,'方淑华','四川省宁德县秀英重庆街W座 113863','14521729449','nwang@gmail.com'),(922,'赵桂英','海南省建国市淄川吕路z座 180040','15858354044','tao62@gmail.com'),(923,'杨建国','上海市淑珍县浔阳杨街Z座 798788','13558417611','fwen@yahoo.com'),(924,'唐旭','吉林省艳县城北南京街p座 834204','15251639337','juan63@fi.cn'),(925,'陈旭','山东省永安县南长王街b座 993595','13555715220','jiangguiying@gmail.com'),(926,'顾岩','吉林省小红市高明徐街V座 113236','14796181137','xia64@guiying.cn'),(927,'何杰','香港特别行政区通辽市平山南昌路c座 108702','13639636295','tmeng@jinduan.cn'),(928,'俞秀英','湖北省兰州县朝阳陈路b座 781696','13899882784','ihu@pingmin.cn'),(929,'何玉','贵州省哈尔滨县魏都傅路t座 243220','18815712698','yong34@qinwei.cn'),(930,'郭晨','上海市建军市沙市通辽街v座 931981','18014956269','weimao@menghou.net'),(931,'王刚','辽宁省秀荣市新城杨路L座 930814','15351774577','menggang@taoguiying.cn'),(932,'王杨','辽宁省宇市上街惠州路F座 954670','13902073196','gding@hotmail.com'),(933,'苏淑珍','江西省玉梅县金平大冶街s座 358767','14546420893','weideng@dingfeng.cn'),(934,'马建平','河北省天津市六枝特陈路z座 720429','15317966856','aliang@95.cn'),(935,'刘玉','浙江省芳市东丽哈尔滨街b座 913067','13847873147','mlin@gmail.com'),(936,'邵娟','吉林省柳州县西夏昆明路n座 777748','15565006544','zhengqiang@chaona.cn'),(937,'唐琴','陕西省太原县合川柳州路U座 358949','13635635656','ping03@huang.cn'),(938,'张成','江西省大冶县高坪楚路B座 291466','14563599007','chaohou@yahoo.com'),(939,'马帅','天津市北镇县丰都周路Y座 514888','15932299793','cuiyang@xiulan.cn'),(940,'赵桂香','江苏省晶市山亭王街r座 494611','14519037680','xiuying08@yahoo.com'),(941,'刘秀云','重庆市合山市清河济南路C座 986143','15512063046','myang@guiyingcheng.net'),(942,'李磊','辽宁省石家庄县花溪重庆路M座 667776','13977458519','qcao@yahoo.com'),(943,'毛利','澳门特别行政区杨市徐汇巢湖街O座 147478','18730664646','shijun@yahoo.com'),(944,'郭桂英','湖北省红霞市平山冯路n座 298371','18855914272','xiulan82@hotmail.com'),(945,'武涛','湖南省柳州县崇文宋路R座 652048','14574446519','longping@yahoo.com'),(946,'汤帆','广西壮族自治区洁县清浦通辽街b座 285034','15581801520','fanchao@gmail.com'),(947,'白秀云','重庆市合山市平山陈街p座 658363','15998454450','pyao@gmail.com'),(948,'刘强','河北省潜江县大东六盘水街R座 924348','18555223086','naxiong@rp.cn'),(949,'陈秀芳','内蒙古自治区张家港市魏都辛集路n座 211136','14724717744','sunjuan@gmail.com'),(950,'王文','台湾省刚县朝阳胡街f座 767848','13476034032','chaohan@yahoo.com'),(951,'黄梅','湖南省欣县淄川江路Q座 691500','15393356515','jie42@gmail.com'),(952,'钟丽华','海南省永安市新城张街O座 742093','15616393924','wxiang@xiao.net'),(953,'林峰','重庆市兴安盟县龙潭沈阳街n座 971220','13041619093','xueqiang@jinyuan.cn'),(954,'王倩','河南省深圳市城东太原路j座 478026','14554072323','dtian@yangmin.cn'),(955,'周超','湖南省瑞市大东王街J座 843593','15983280415','wei15@yahoo.com'),(956,'沈秀兰','青海省淑英县滨城姜路c座 799416','13473185048','qiaoxiuying@00.net'),(957,'陈云','上海市呼和浩特市安次香港路R座 350395','15351049258','xuexiulan@yi.cn'),(958,'晏彬','江苏省凤兰市西夏沈阳街U座 928395','18908522056','rfeng@junli.cn'),(959,'蒋俊','湖北省桂英县和平兴城街T座 902076','13136602214','hujie@dai.cn'),(960,'张军','内蒙古自治区沈阳市普陀郑街T座 476562','18690124466','guxia@hotmail.com'),(961,'傅莹','河北省郑州市和平齐齐哈尔街D座 620303','18251470664','thuang@yahoo.com'),(962,'邓玉珍','黑龙江省马鞍山市城东杨街O座 778897','13540709643','naxu@gmail.com'),(963,'郭凯','湖南省兰州县房山黎街K座 667321','15878123652','kcheng@liu.cn'),(964,'曾鹏','香港特别行政区成都市清城齐齐哈尔路G座 136308','13121188406','duli@gang.cn'),(965,'王想','山东省小红县高明齐齐哈尔街t座 556903','18025271328','whou@hotmail.com'),(966,'胡欢','湖南省文县普陀长春街R座 249840','15581695263','juanwu@xiuyingyang.cn'),(967,'冯玉华','海南省重庆市锡山陆路p座 180118','18757378398','xiewei@02.net'),(968,'董峰','海南省林县南长韦路a座 297087','13122969590','yangliao@gmail.com'),(969,'杨伟','上海市娟县双滦邯郸街K座 317441','13157371068','taoyi@yz.cn'),(970,'郎玉','贵州省潮州市蓟州巢湖街V座 914750','15193754431','huli@yahoo.com'),(971,'吴婷','山西省汕尾市高港郭路d座 679427','13787411853','qiang81@jie.cn'),(972,'刘桂荣','江苏省健市龙潭宁德路J座 252309','13994536385','wanxia@meng.cn'),(973,'王金凤','湖南省军市金平昆明街f座 304189','15721121910','yangshi@hotmail.com'),(974,'朱秀荣','河南省勇市合川李街e座 431637','15590994568','zhangwei@gmail.com'),(975,'杨荣','台湾省成都县南湖合肥街u座 246725','13086831675','ktao@wei.net'),(976,'岳丹','青海省拉萨县西峰刘街T座 907358','13829628745','liumin@yahoo.com'),(977,'邢倩','山东省兴安盟县徐汇六安路O座 607186','13445493299','weisong@gmail.com'),(978,'韩佳','湖北省婷婷县新城谭街X座 361833','13254325655','baimin@minwei.com'),(979,'蒋浩','贵州省洋市梁平李路R座 482798','13447240733','lijiang@dujia.cn'),(980,'李秀珍','云南省晶县清河杭州街M座 743961','15336395564','ping73@gmail.com'),(981,'周建军','重庆市佛山市城北何街G座 775512','13364068134','yangguo@yahoo.com'),(982,'许兰英','甘肃省娟市白云郑街L座 198292','15614389691','liufang@yahoo.com'),(983,'庄洁','西藏自治区畅县海港六盘水街H座 512878','13619965850','cuixia@yao.cn'),(984,'严军','湖北省东莞市淄川白路U座 435517','18765573998','jing89@gmail.com'),(985,'刘秀英','河南省郑州市长寿郭路T座 562310','13712959262','ming61@hotmail.com'),(986,'黄华','山东省兰州县海港韩路h座 887479','15230493083','yangwei@gmail.com'),(987,'李春梅','贵州省桂英县六枝特合山街n座 673741','18561339257','gchang@xialong.cn'),(988,'侯莉','安徽省霞市门头沟赵路M座 906775','13501648146','li86@hotmail.com'),(989,'陈博','江西省巢湖县黄浦黄路T座 419723','18903904606','jing17@hotmail.com'),(990,'王建平','北京市淮安市清城昆明路d座 677603','18918780202','chaoshi@oe.cn'),(991,'鞠勇','山东省静县璧山邵路j座 315396','18168156292','yan93@04.cn'),(992,'王磊','西藏自治区玉珍县孝南柳州街W座 276932','13346506515','jsong@yahoo.com'),(993,'张辉','河南省张家港市东丽广州路h座 207850','14744564492','juanwen@gmail.com'),(994,'王丽娟','甘肃省敏市长寿陈路F座 107376','18997975958','guiyingzhang@ganghou.cn'),(995,'李丽','陕西省玉华市南溪宁德街v座 213036','15759710508','juanliang@wanxu.cn'),(996,'陈彬','山东省宜都县大兴乌鲁木齐街h座 394978','13665112804','xiuying05@fang.net'),(997,'明亮','重庆市西宁县六枝特农街y座 603145','14513645442','luotao@xiulan.com'),(998,'李娜','湖南省玉华县高港何路f座 870527','15577662068','tanlei@tianlei.net'),(999,'范秀荣','天津市长沙市清浦宜都街g座 710923','15873863478','szeng@xiuying.cn'),(1000,'梁玉英','河北省南宁县牧野上海街t座 470781','18194852456','bgong@yahoo.com');
/*!40000 ALTER TABLE `my_user` ENABLE KEYS */;
UNLOCK TABLES;

--
-- Table structure for table `product`
--

DROP TABLE IF EXISTS `product`;
/*!40101 SET @saved_cs_client     = @@character_set_client */;
/*!40101 SET character_set_client = utf8 */;
CREATE TABLE `product` (
  `id` int(11) NOT NULL AUTO_INCREMENT,
  `product_name` varchar(100) NOT NULL,
  PRIMARY KEY (`id`)
) ENGINE=InnoDB AUTO_INCREMENT=31 DEFAULT CHARSET=utf8mb4;
/*!40101 SET character_set_client = @saved_cs_client */;

--
-- Dumping data for table `product`
--

LOCK TABLES `product` WRITE;
/*!40000 ALTER TABLE `product` DISABLE KEYS */;
INSERT INTO `product` VALUES (1,'5df5eadc-b670-4024-948c-b15e1251d832'),(2,'7f0b8cbd-4b0f-464c-8693-3de77537b8ce'),(3,'68872d81-2b1a-49e8-9f77-1d7d2820206e'),(4,'ef73670e-021d-4f1f-bcc9-da1ab5909b86'),(5,'1fa7341c-406c-4e05-80fa-7e38c12a0a88'),(6,'439079d4-8fc6-43f5-af7e-9f68569cc204'),(7,'30a9271a-55cc-41c5-a948-b2d82af23e7f'),(8,'850e6893-a15b-4093-8428-34f01219b74a'),(9,'780615cd-696b-4308-b584-438e69228494'),(10,'a6bf99fa-ef30-44ea-a726-dace00919819'),(11,'860fad3c-37a4-4cb2-b12d-386bfa33f673'),(12,'491f5325-9ba9-48ef-a166-70b50418a9bb'),(13,'9a4cde1b-dec4-4e81-984d-70150b8e6269'),(14,'473dd56b-12ab-48d8-a988-8414a0929c58'),(15,'ebbf401d-1a62-480e-a03c-9e72f8f797f2'),(16,'a3932ea7-08af-4d68-9dae-d56cdcdebc10'),(17,'fe547f6d-0fce-46f0-ac65-c0f96e01207f'),(18,'7d14afe4-5790-4f43-8012-32d28815ab76'),(19,'13de2811-18cf-4b96-8a95-9f134faee496'),(20,'221cb430-1882-40b5-9ac6-5690243d3075'),(21,'18c5b459-8f84-4a69-8d65-8e8347af0c27'),(22,'17ffeb31-ac8b-41ad-b6de-9664277dac47'),(23,'0f4397dc-e3b3-4cc9-928a-4880c97eca9f'),(24,'ba592911-dd72-4d18-b47a-652c634291f0'),(25,'350f5d76-efd8-4aa5-a0e1-b864ea91dbb0'),(26,'7e83b36e-f2b2-46b6-a885-b278e819cdef'),(27,'d35505be-510f-4890-8727-0db7d8567ce3'),(28,'e9546603-a413-4712-9be9-7b4f6873b613'),(29,'08492806-2b8c-478c-85b0-1965ab93cd55'),(30,'c753d546-f7af-4f1e-9978-559ae2be71cf');
/*!40000 ALTER TABLE `product` ENABLE KEYS */;
UNLOCK TABLES;
/*!40103 SET TIME_ZONE=@OLD_TIME_ZONE */;

/*!40101 SET SQL_MODE=@OLD_SQL_MODE */;
/*!40014 SET FOREIGN_KEY_CHECKS=@OLD_FOREIGN_KEY_CHECKS */;
/*!40014 SET UNIQUE_CHECKS=@OLD_UNIQUE_CHECKS */;
/*!40101 SET CHARACTER_SET_CLIENT=@OLD_CHARACTER_SET_CLIENT */;
/*!40101 SET CHARACTER_SET_RESULTS=@OLD_CHARACTER_SET_RESULTS */;
/*!40101 SET COLLATION_CONNECTION=@OLD_COLLATION_CONNECTION */;
/*!40111 SET SQL_NOTES=@OLD_SQL_NOTES */;

-- Dump completed on 2020-11-17  0:08:36
