-- MySQL dump 10.13  Distrib 5.7.31, for Linux (x86_64)
--
-- Host: localhost    Database: demo
-- ------------------------------------------------------
-- Server version	5.7.31-0ubuntu0.18.04.1

/*!40101 SET @OLD_CHARACTER_SET_CLIENT=@@CHARACTER_SET_CLIENT */;
/*!40101 SET @OLD_CHARACTER_SET_RESULTS=@@CHARACTER_SET_RESULTS */;
/*!40101 SET @OLD_COLLATION_CONNECTION=@@COLLATION_CONNECTION */;
/*!40101 SET NAMES utf8 */;
/*!40103 SET @OLD_TIME_ZONE=@@TIME_ZONE */;
/*!40103 SET TIME_ZONE='+00:00' */;
/*!40014 SET @OLD_UNIQUE_CHECKS=@@UNIQUE_CHECKS, UNIQUE_CHECKS=0 */;
/*!40014 SET @OLD_FOREIGN_KEY_CHECKS=@@FOREIGN_KEY_CHECKS, FOREIGN_KEY_CHECKS=0 */;
/*!40101 SET @OLD_SQL_MODE=@@SQL_MODE, SQL_MODE='NO_AUTO_VALUE_ON_ZERO' */;
/*!40111 SET @OLD_SQL_NOTES=@@SQL_NOTES, SQL_NOTES=0 */;

--
-- Table structure for table `bought_record`
--

DROP TABLE IF EXISTS `bought_record`;
/*!40101 SET @saved_cs_client     = @@character_set_client */;
/*!40101 SET character_set_client = utf8 */;
CREATE TABLE `bought_record` (
  `cust_id` int(11) DEFAULT NULL,
  `prod_id` int(11) DEFAULT NULL,
  `bought_date` datetime DEFAULT NULL,
  `quantity` int(11) DEFAULT NULL,
  KEY `cust_id` (`cust_id`),
  KEY `prod_id` (`prod_id`),
  CONSTRAINT `bought_record_ibfk_1` FOREIGN KEY (`cust_id`) REFERENCES `customer` (`id`),
  CONSTRAINT `bought_record_ibfk_2` FOREIGN KEY (`prod_id`) REFERENCES `product` (`id`)
) ENGINE=InnoDB DEFAULT CHARSET=utf8mb4;
/*!40101 SET character_set_client = @saved_cs_client */;

--
-- Dumping data for table `bought_record`
--

LOCK TABLES `bought_record` WRITE;
/*!40000 ALTER TABLE `bought_record` DISABLE KEYS */;
INSERT INTO `bought_record` VALUES (98,29,'2020-11-16 23:45:42',6516),(108,22,'2020-11-16 23:48:02',2383),(97,29,'2020-11-16 23:42:33',4277),(113,14,'2020-11-16 23:45:58',175),(5,22,'2020-11-16 23:32:07',9756),(42,9,'2020-11-16 23:19:58',8821),(51,28,'2020-11-16 23:20:05',9096),(55,13,'2020-11-16 23:43:30',6499),(86,5,'2020-11-16 23:27:41',7217),(70,4,'2020-11-16 23:39:46',555),(112,26,'2020-11-16 23:22:32',3999),(104,29,'2020-11-16 23:32:20',3576),(13,9,'2020-11-16 23:20:51',5476),(8,22,'2020-11-16 23:36:43',7061),(47,16,'2020-11-16 23:45:14',2349),(99,18,'2020-11-16 23:24:57',5717),(66,15,'2020-11-16 23:43:00',3925),(34,18,'2020-11-16 23:23:20',9521),(62,6,'2020-11-16 23:27:20',6992),(46,8,'2020-11-16 23:47:56',45),(39,12,'2020-11-16 23:27:17',499),(17,25,'2020-11-16 23:20:50',5819),(10,26,'2020-11-16 23:25:22',7395),(67,30,'2020-11-16 23:33:44',7309),(98,9,'2020-11-16 23:41:13',3583),(9,5,'2020-11-16 23:47:40',3023),(43,9,'2020-11-16 23:32:05',7537),(55,29,'2020-11-16 23:38:24',863),(109,3,'2020-11-16 23:49:03',1208),(70,29,'2020-11-16 23:19:30',4522),(50,24,'2020-11-16 23:23:14',613),(48,19,'2020-11-16 23:40:35',8932),(12,29,'2020-11-16 23:36:51',7979),(78,12,'2020-11-16 23:28:21',7594),(96,17,'2020-11-16 23:40:51',2844),(110,27,'2020-11-16 23:33:38',3919),(23,10,'2020-11-16 23:48:22',1829),(82,23,'2020-11-16 23:47:56',9079),(37,1,'2020-11-16 23:43:21',6807),(86,29,'2020-11-16 23:48:38',3944),(90,19,'2020-11-16 23:28:48',7849),(82,19,'2020-11-16 23:39:41',9080),(116,26,'2020-11-16 23:25:39',1520),(104,10,'2020-11-16 23:47:22',4010),(60,27,'2020-11-16 23:34:52',2526),(108,23,'2020-11-16 23:27:46',2468),(62,13,'2020-11-16 23:24:15',6482),(28,6,'2020-11-16 23:46:13',3241),(38,13,'2020-11-16 23:22:08',757),(9,14,'2020-11-16 23:25:28',5495),(109,22,'2020-11-16 23:20:22',213),(52,20,'2020-11-16 23:35:39',7644),(84,17,'2020-11-16 23:38:44',3887),(33,22,'2020-11-16 23:33:55',8272),(14,18,'2020-11-16 23:35:43',8113),(24,27,'2020-11-16 23:19:59',9546),(76,24,'2020-11-16 23:34:12',8116),(55,13,'2020-11-16 23:32:45',7730),(52,3,'2020-11-16 23:34:29',1939),(28,18,'2020-11-16 23:36:39',9667),(20,13,'2020-11-16 23:31:35',7799),(79,21,'2020-11-16 23:25:46',788),(24,24,'2020-11-16 23:33:56',792),(109,5,'2020-11-16 23:32:30',3356),(79,5,'2020-11-16 23:32:01',1264),(32,17,'2020-11-16 23:39:08',7949),(42,26,'2020-11-16 23:31:14',3505),(33,2,'2020-11-16 23:23:03',6886),(37,8,'2020-11-16 23:35:46',6822),(45,17,'2020-11-16 23:28:14',1402),(53,12,'2020-11-16 23:34:17',6454),(15,27,'2020-11-16 23:48:26',7597),(28,19,'2020-11-16 23:29:36',7880),(101,25,'2020-11-16 23:47:54',7680),(82,21,'2020-11-16 23:34:05',4442),(29,29,'2020-11-16 23:19:36',2121),(33,1,'2020-11-16 23:45:49',7348),(6,15,'2020-11-16 23:25:06',4446),(10,4,'2020-11-16 23:21:31',2091),(60,17,'2020-11-16 23:43:33',3577),(15,14,'2020-11-16 23:22:32',5186),(67,14,'2020-11-16 23:25:06',2332),(43,10,'2020-11-16 23:27:44',2926),(44,15,'2020-11-16 23:32:15',930),(9,9,'2020-11-16 23:22:51',5307),(70,28,'2020-11-16 23:40:09',183),(30,22,'2020-11-16 23:34:18',6570),(82,23,'2020-11-16 23:47:33',8019),(71,21,'2020-11-16 23:44:32',6123),(36,27,'2020-11-16 23:32:21',6496),(89,27,'2020-11-16 23:35:45',6527),(22,3,'2020-11-16 23:30:57',265),(106,29,'2020-11-16 23:32:44',9940),(108,4,'2020-11-16 23:34:16',6326),(97,18,'2020-11-16 23:20:58',9556),(97,23,'2020-11-16 23:22:45',7902),(92,26,'2020-11-16 23:25:11',3779),(90,26,'2020-11-16 23:34:39',1472),(76,18,'2020-11-16 23:31:15',9479),(38,8,'2020-11-16 23:48:48',3289),(74,1,'2020-11-16 23:31:27',6531),(77,30,'2020-11-16 23:47:40',7153),(46,26,'2020-11-16 23:22:33',8557),(67,25,'2020-11-16 23:21:24',6765),(57,3,'2020-11-16 23:21:54',5452),(52,9,'2020-11-16 23:21:59',5954),(47,16,'2020-11-16 23:25:48',4257),(99,27,'2020-11-16 23:37:36',3417),(82,4,'2020-11-16 23:38:59',2800),(84,12,'2020-11-16 23:35:34',5564),(79,4,'2020-11-16 23:48:57',530),(86,1,'2020-11-16 23:20:01',3189),(96,21,'2020-11-16 23:37:55',3359),(35,19,'2020-11-16 23:28:47',7296),(103,21,'2020-11-16 23:28:47',5073),(17,1,'2020-11-16 23:47:05',4901),(17,12,'2020-11-16 23:35:12',6781),(84,12,'2020-11-16 23:39:21',9850),(32,19,'2020-11-16 23:23:43',1819),(18,16,'2020-11-16 23:43:31',6181),(114,22,'2020-11-16 23:21:17',1406),(100,14,'2020-11-16 23:32:54',7037),(83,30,'2020-11-16 23:31:12',4287),(36,7,'2020-11-16 23:34:28',9621),(28,5,'2020-11-16 23:24:23',7416),(37,4,'2020-11-16 23:23:25',2982),(23,13,'2020-11-16 23:43:44',2850),(106,18,'2020-11-16 23:23:27',9755),(76,2,'2020-11-16 23:39:45',4360),(92,3,'2020-11-16 23:20:07',1226),(5,23,'2020-11-16 23:47:05',8652),(35,25,'2020-11-16 23:40:54',5509),(41,24,'2020-11-16 23:22:44',8125),(25,2,'2020-11-16 23:27:09',8636),(9,7,'2020-11-16 23:29:32',6568),(79,3,'2020-11-16 23:31:59',8161),(20,20,'2020-11-16 23:41:02',9022),(89,20,'2020-11-16 23:43:03',5093),(84,15,'2020-11-16 23:25:49',6061),(36,7,'2020-11-16 23:48:25',5285),(73,20,'2020-11-16 23:20:14',4060),(2,17,'2020-11-16 23:43:42',367),(103,10,'2020-11-16 23:39:29',9042),(85,19,'2020-11-16 23:31:36',364),(8,9,'2020-11-16 23:36:38',9844),(97,3,'2020-11-16 23:41:46',1662),(110,3,'2020-11-16 23:30:29',8532),(103,27,'2020-11-16 23:43:09',300),(66,17,'2020-11-16 23:41:11',2969),(118,21,'2020-11-16 23:29:28',6707),(104,8,'2020-11-16 23:49:10',6028),(98,30,'2020-11-16 23:34:56',1292),(22,19,'2020-11-16 23:26:26',996),(46,1,'2020-11-16 23:47:19',8986),(99,5,'2020-11-16 23:36:45',3303),(38,26,'2020-11-16 23:43:16',191),(52,15,'2020-11-16 23:32:32',377),(58,13,'2020-11-16 23:36:48',3960),(8,21,'2020-11-16 23:30:36',7528),(65,23,'2020-11-16 23:23:30',8954),(25,25,'2020-11-16 23:43:48',8946),(94,7,'2020-11-16 23:47:37',6163),(49,25,'2020-11-16 23:20:21',1123),(119,29,'2020-11-16 23:25:57',1321),(89,6,'2020-11-16 23:29:31',8056),(25,13,'2020-11-16 23:34:03',8930),(32,3,'2020-11-16 23:22:14',385),(68,16,'2020-11-16 23:41:55',5178),(81,13,'2020-11-16 23:19:34',75),(33,13,'2020-11-16 23:36:25',5909),(103,13,'2020-11-16 23:30:54',8469),(45,21,'2020-11-16 23:20:33',1729),(109,27,'2020-11-16 23:22:12',6097),(79,23,'2020-11-16 23:48:14',4389),(51,2,'2020-11-16 23:49:08',4068),(1,24,'2020-11-16 23:49:01',8434),(71,16,'2020-11-16 23:43:22',9001),(4,7,'2020-11-16 23:32:20',8014),(114,4,'2020-11-16 23:47:14',8209),(39,22,'2020-11-16 23:34:49',2798),(83,28,'2020-11-16 23:30:50',6806),(48,8,'2020-11-16 23:45:41',2820),(6,13,'2020-11-16 23:29:18',4307),(4,14,'2020-11-16 23:40:55',8920),(88,25,'2020-11-16 23:26:01',458),(5,9,'2020-11-16 23:32:10',5300),(57,16,'2020-11-16 23:32:25',8131),(2,10,'2020-11-16 23:20:53',8777),(79,10,'2020-11-16 23:37:24',2527),(103,18,'2020-11-16 23:22:54',9096),(64,3,'2020-11-16 23:31:22',9684),(30,27,'2020-11-16 23:25:36',6430),(107,15,'2020-11-16 23:38:16',5606),(94,17,'2020-11-16 23:29:49',2181),(58,7,'2020-11-16 23:47:18',8361),(73,11,'2020-11-16 23:39:38',6241),(94,2,'2020-11-16 23:35:48',7759),(56,4,'2020-11-16 23:31:58',8776),(60,30,'2020-11-16 23:21:03',7820),(90,6,'2020-11-16 23:47:05',7891),(107,11,'2020-11-16 23:30:45',9770),(113,24,'2020-11-16 23:28:12',9570),(2,24,'2020-11-16 23:27:27',3168),(80,9,'2020-11-16 23:25:35',5953),(66,1,'2020-11-16 23:37:53',2417),(85,12,'2020-11-16 23:30:31',1082),(94,1,'2020-11-16 23:23:29',2213),(99,14,'2020-11-16 23:30:27',5140),(12,20,'2020-11-16 23:33:12',8654),(81,15,'2020-11-16 23:27:16',6399),(86,3,'2020-11-16 23:31:24',4836),(56,9,'2020-11-16 23:32:22',1762),(74,27,'2020-11-16 23:29:23',4862),(104,3,'2020-11-16 23:22:20',6650),(97,17,'2020-11-16 23:37:54',4228),(91,12,'2020-11-16 23:40:41',9922),(95,17,'2020-11-16 23:40:44',5643),(71,1,'2020-11-16 23:44:14',7337),(31,2,'2020-11-16 23:30:47',7847),(93,22,'2020-11-16 23:23:16',8964),(89,21,'2020-11-16 23:26:54',5279),(10,9,'2020-11-16 23:48:15',213),(34,18,'2020-11-16 23:37:51',2273),(36,1,'2020-11-16 23:33:56',942),(30,2,'2020-11-16 23:28:19',7263),(62,9,'2020-11-16 23:25:54',6096),(75,3,'2020-11-16 23:26:49',9318),(53,12,'2020-11-16 23:19:41',5725),(10,27,'2020-11-16 23:20:16',5103),(1,8,'2020-11-16 23:32:15',2867),(41,1,'2020-11-16 23:35:22',4408),(89,14,'2020-11-16 23:38:20',1059),(8,24,'2020-11-16 23:26:04',1661),(7,24,'2020-11-16 23:40:42',894),(47,12,'2020-11-16 23:25:50',6389),(18,26,'2020-11-16 23:21:29',9742),(11,6,'2020-11-16 23:24:31',9474),(5,16,'2020-11-16 23:22:48',4795),(114,7,'2020-11-16 23:22:13',3406),(41,3,'2020-11-16 23:36:38',8679),(111,19,'2020-11-16 23:46:58',8179),(28,24,'2020-11-16 23:43:46',7177),(92,25,'2020-11-16 23:40:44',1377),(36,29,'2020-11-16 23:30:31',1179),(120,17,'2020-11-16 23:35:29',9282),(99,24,'2020-11-16 23:42:29',8354),(119,30,'2020-11-16 23:32:11',6167),(45,2,'2020-11-16 23:27:58',821),(95,24,'2020-11-16 23:38:14',1236),(99,12,'2020-11-16 23:34:56',3861),(86,26,'2020-11-16 23:41:38',6701),(35,16,'2020-11-16 23:39:59',587),(10,15,'2020-11-16 23:33:40',673),(106,11,'2020-11-16 23:36:35',1478),(70,18,'2020-11-16 23:23:43',4860),(89,4,'2020-11-16 23:22:11',9104),(63,3,'2020-11-16 23:39:41',5613),(104,5,'2020-11-16 23:28:13',1577),(39,13,'2020-11-16 23:27:00',2250),(56,5,'2020-11-16 23:24:55',1901),(101,21,'2020-11-16 23:24:45',4212),(39,4,'2020-11-16 23:47:04',936),(119,24,'2020-11-16 23:47:09',8128),(22,10,'2020-11-16 23:25:35',6180),(61,18,'2020-11-16 23:27:35',2846),(5,7,'2020-11-16 23:22:36',7456),(103,12,'2020-11-16 23:20:25',27),(2,27,'2020-11-16 23:41:07',5934),(64,11,'2020-11-16 23:35:10',2983),(51,17,'2020-11-16 23:33:51',9842),(31,6,'2020-11-16 23:42:59',8886),(114,19,'2020-11-16 23:41:53',6722),(65,4,'2020-11-16 23:29:48',7881),(97,7,'2020-11-16 23:24:58',5477),(52,24,'2020-11-16 23:47:23',8044),(119,18,'2020-11-16 23:49:13',6714),(111,28,'2020-11-16 23:26:48',1153),(49,24,'2020-11-16 23:44:21',2934),(65,27,'2020-11-16 23:43:17',9298),(106,22,'2020-11-16 23:27:45',6975),(45,6,'2020-11-16 23:20:28',2848),(109,17,'2020-11-16 23:37:39',5827),(104,12,'2020-11-16 23:39:57',1735),(12,26,'2020-11-16 23:24:19',2397),(34,12,'2020-11-16 23:43:09',9969),(17,5,'2020-11-16 23:20:45',2774),(107,9,'2020-11-16 23:48:27',3088),(109,19,'2020-11-16 23:36:22',502),(40,25,'2020-11-16 23:49:07',8580),(60,24,'2020-11-16 23:26:12',7799),(24,29,'2020-11-16 23:35:09',5545),(111,14,'2020-11-16 23:25:24',1174),(113,6,'2020-11-16 23:32:48',4625),(115,14,'2020-11-16 23:45:14',6132),(100,24,'2020-11-16 23:21:20',7766),(9,21,'2020-11-16 23:23:10',6421),(115,16,'2020-11-16 23:37:24',6848),(33,5,'2020-11-16 23:36:38',7563),(31,29,'2020-11-16 23:34:51',7020),(98,9,'2020-11-16 23:34:25',873),(36,21,'2020-11-16 23:36:05',4966),(57,22,'2020-11-16 23:32:01',6759),(11,29,'2020-11-16 23:49:23',3607),(67,27,'2020-11-16 23:41:48',851),(89,20,'2020-11-16 23:41:57',1165),(47,15,'2020-11-16 23:22:49',7226),(107,4,'2020-11-16 23:48:07',2592),(117,14,'2020-11-16 23:30:18',9433),(68,17,'2020-11-16 23:20:45',9229),(83,7,'2020-11-16 23:23:30',5202),(116,18,'2020-11-16 23:24:55',558),(80,11,'2020-11-16 23:48:02',9394),(36,26,'2020-11-16 23:21:27',6802),(25,26,'2020-11-16 23:48:35',5886),(115,18,'2020-11-16 23:45:18',7330),(39,9,'2020-11-16 23:19:52',6122),(94,19,'2020-11-16 23:46:23',2508),(11,5,'2020-11-16 23:27:53',5360),(86,5,'2020-11-16 23:27:41',2677),(15,28,'2020-11-16 23:39:16',9174),(26,9,'2020-11-16 23:33:38',2409),(90,10,'2020-11-16 23:33:39',9073),(69,11,'2020-11-16 23:19:23',7243),(112,8,'2020-11-16 23:49:11',4011),(43,27,'2020-11-16 23:23:13',3276),(116,16,'2020-11-16 23:26:13',7009),(12,5,'2020-11-16 23:32:00',1359),(104,10,'2020-11-16 23:24:23',9613),(99,5,'2020-11-16 23:24:38',5358),(23,4,'2020-11-16 23:25:11',4587),(100,8,'2020-11-16 23:40:36',3027),(109,19,'2020-11-16 23:23:49',5785),(100,11,'2020-11-16 23:43:07',2765),(48,13,'2020-11-16 23:29:53',7905),(7,1,'2020-11-16 23:37:22',8142),(95,16,'2020-11-16 23:27:14',2869),(97,18,'2020-11-16 23:26:03',6148),(113,1,'2020-11-16 23:36:07',1251),(5,15,'2020-11-16 23:24:49',7962),(9,22,'2020-11-16 23:44:04',470),(90,22,'2020-11-16 23:39:25',6348),(89,28,'2020-11-16 23:36:52',4134),(100,3,'2020-11-16 23:33:38',2137),(72,2,'2020-11-16 23:22:19',2205),(61,27,'2020-11-16 23:38:25',8157),(75,12,'2020-11-16 23:31:03',5585),(98,30,'2020-11-16 23:44:02',3748),(44,20,'2020-11-16 23:28:28',1660),(41,15,'2020-11-16 23:46:28',2903),(6,10,'2020-11-16 23:39:53',5661),(7,22,'2020-11-16 23:31:58',9146),(45,21,'2020-11-16 23:29:12',5486),(79,6,'2020-11-16 23:41:38',9089),(49,22,'2020-11-16 23:33:15',3579),(9,22,'2020-11-16 23:37:22',4009),(19,9,'2020-11-16 23:41:29',2057),(16,26,'2020-11-16 23:29:33',1283),(22,9,'2020-11-16 23:41:42',4244),(120,13,'2020-11-16 23:42:14',8836),(50,18,'2020-11-16 23:42:39',8072),(3,29,'2020-11-16 23:44:57',790),(63,20,'2020-11-16 23:40:57',9360),(102,10,'2020-11-16 23:43:21',1733),(112,25,'2020-11-16 23:42:09',5446),(33,23,'2020-11-16 23:41:51',1158),(10,6,'2020-11-16 23:45:14',7273),(98,1,'2020-11-16 23:37:58',5729),(106,21,'2020-11-16 23:23:07',4553),(41,21,'2020-11-16 23:44:38',4161),(13,2,'2020-11-16 23:25:29',7451),(74,15,'2020-11-16 23:29:52',2839),(20,16,'2020-11-16 23:31:23',9205),(77,3,'2020-11-16 23:49:59',3016),(95,30,'2020-11-16 23:33:05',712),(115,26,'2020-11-16 23:30:47',2741),(21,17,'2020-11-16 23:50:32',5903),(41,9,'2020-11-16 23:51:06',7896),(31,12,'2020-11-16 23:25:57',4821),(115,13,'2020-11-16 23:42:30',7616),(67,13,'2020-11-16 23:37:03',1954),(87,23,'2020-11-16 23:40:49',7301),(15,21,'2020-11-16 23:38:57',6354),(55,30,'2020-11-16 23:21:57',8660),(33,25,'2020-11-16 23:40:15',8251),(91,7,'2020-11-16 23:43:28',7466),(25,13,'2020-11-16 23:36:52',4481),(31,24,'2020-11-16 23:37:42',4860),(39,11,'2020-11-16 23:43:42',6545),(108,16,'2020-11-16 23:48:25',9398),(65,11,'2020-11-16 23:22:57',4793),(84,29,'2020-11-16 23:37:42',8319),(113,20,'2020-11-16 23:29:35',9351),(110,29,'2020-11-16 23:36:49',9188),(45,3,'2020-11-16 23:42:13',7277),(4,10,'2020-11-16 23:36:27',7636),(17,4,'2020-11-16 23:29:00',9516),(90,26,'2020-11-16 23:34:44',5962),(28,18,'2020-11-16 23:27:05',1944),(69,21,'2020-11-16 23:40:15',5151),(93,24,'2020-11-16 23:49:27',363),(100,20,'2020-11-16 23:36:41',4878),(71,12,'2020-11-16 23:23:29',7150),(60,6,'2020-11-16 23:29:03',2026),(71,15,'2020-11-16 23:49:28',9259),(98,28,'2020-11-16 23:29:43',3389),(107,18,'2020-11-16 23:39:08',8529),(113,4,'2020-11-16 23:38:02',2526),(89,18,'2020-11-16 23:47:21',9027),(55,22,'2020-11-16 23:34:28',4963),(81,17,'2020-11-16 23:48:42',7909),(115,11,'2020-11-16 23:42:05',59),(104,28,'2020-11-16 23:48:33',7914),(111,20,'2020-11-16 23:43:30',4794),(40,30,'2020-11-16 23:39:27',2210),(97,21,'2020-11-16 23:30:56',5989),(119,17,'2020-11-16 23:32:12',8176),(15,27,'2020-11-16 23:28:20',8562),(93,7,'2020-11-16 23:47:13',3687),(97,13,'2020-11-16 23:48:38',160),(22,1,'2020-11-16 23:43:20',5667),(32,21,'2020-11-16 23:28:53',8867),(114,13,'2020-11-16 23:38:00',3333),(62,1,'2020-11-16 23:25:26',677),(15,11,'2020-11-16 23:40:20',5281),(90,9,'2020-11-16 23:24:56',4501),(117,7,'2020-11-16 23:43:06',8247),(61,17,'2020-11-16 23:21:19',4803),(46,30,'2020-11-16 23:26:04',6140),(103,19,'2020-11-16 23:29:46',8039),(13,25,'2020-11-16 23:46:01',1256),(10,9,'2020-11-16 23:40:10',5681),(25,25,'2020-11-16 23:35:17',3089),(63,16,'2020-11-16 23:47:21',7970),(19,8,'2020-11-16 23:36:02',8156),(111,19,'2020-11-16 23:48:30',1800),(117,21,'2020-11-16 23:50:37',5363),(89,2,'2020-11-16 23:36:38',8744),(86,25,'2020-11-16 23:28:15',4467),(23,14,'2020-11-16 23:29:50',4168),(41,1,'2020-11-16 23:31:07',2124),(58,28,'2020-11-16 23:22:58',8122),(36,29,'2020-11-16 23:25:55',6404),(58,22,'2020-11-16 23:29:14',8305),(95,9,'2020-11-16 23:49:50',9818),(98,16,'2020-11-16 23:43:30',7012),(19,20,'2020-11-16 23:29:45',8852),(106,21,'2020-11-16 23:26:33',1480),(1,28,'2020-11-16 23:25:50',2579),(68,20,'2020-11-16 23:37:55',9765),(76,12,'2020-11-16 23:37:34',9161),(91,22,'2020-11-16 23:45:39',9718),(107,8,'2020-11-16 23:43:04',2647),(13,8,'2020-11-16 23:21:25',9462),(82,30,'2020-11-16 23:43:05',4327),(120,11,'2020-11-16 23:25:13',8147),(119,2,'2020-11-16 23:25:06',7935),(94,13,'2020-11-16 23:23:36',9988),(31,14,'2020-11-16 23:40:46',3106),(72,9,'2020-11-16 23:40:10',2629),(41,22,'2020-11-16 23:42:25',8075),(47,25,'2020-11-16 23:34:22',8226),(68,12,'2020-11-16 23:43:51',9259),(95,25,'2020-11-16 23:29:37',9075),(13,23,'2020-11-16 23:29:13',8452),(107,16,'2020-11-16 23:36:44',9350),(95,4,'2020-11-16 23:25:04',5913),(4,18,'2020-11-16 23:34:07',6868),(105,13,'2020-11-16 23:34:07',7276),(38,26,'2020-11-16 23:34:42',9421),(30,14,'2020-11-16 23:22:01',5288),(66,14,'2020-11-16 23:23:24',2480),(21,16,'2020-11-16 23:31:16',5111),(85,12,'2020-11-16 23:28:15',7849),(109,17,'2020-11-16 23:24:16',5468),(21,14,'2020-11-16 23:21:55',1829),(49,28,'2020-11-16 23:31:31',8166),(13,27,'2020-11-16 23:28:03',1193),(18,26,'2020-11-16 23:30:56',6056),(120,16,'2020-11-16 23:41:52',4683),(75,6,'2020-11-16 23:21:47',7777),(81,7,'2020-11-16 23:35:48',6932),(63,6,'2020-11-16 23:47:45',9404),(75,5,'2020-11-16 23:39:05',2608),(53,1,'2020-11-16 23:43:30',1256),(111,2,'2020-11-16 23:44:30',1039),(11,2,'2020-11-16 23:36:11',2119),(36,4,'2020-11-16 23:44:57',5134),(67,30,'2020-11-16 23:50:45',1922),(92,17,'2020-11-16 23:34:55',9525),(18,11,'2020-11-16 23:46:40',5100),(75,6,'2020-11-16 23:40:17',351),(31,20,'2020-11-16 23:26:21',5645),(117,13,'2020-11-16 23:29:42',3071),(67,16,'2020-11-16 23:25:52',2692),(88,24,'2020-11-16 23:33:34',5582),(48,8,'2020-11-16 23:47:10',4265),(94,20,'2020-11-16 23:21:10',2667),(93,29,'2020-11-16 23:49:37',1734),(91,9,'2020-11-16 23:30:20',7013),(26,8,'2020-11-16 23:48:58',1153),(102,29,'2020-11-16 23:25:50',7822),(57,21,'2020-11-16 23:43:35',1735),(110,9,'2020-11-16 23:34:22',2619),(12,25,'2020-11-16 23:31:01',6813),(24,14,'2020-11-16 23:48:22',7247),(65,10,'2020-11-16 23:27:19',3446),(24,6,'2020-11-16 23:42:17',3364),(82,4,'2020-11-16 23:25:04',2362),(65,19,'2020-11-16 23:27:15',2110),(29,25,'2020-11-16 23:29:27',1315),(109,13,'2020-11-16 23:42:33',6623),(2,18,'2020-11-16 23:41:53',5240),(25,4,'2020-11-16 23:22:31',9776),(112,11,'2020-11-16 23:42:16',6094),(74,5,'2020-11-16 23:46:48',7475),(70,1,'2020-11-16 23:45:26',7912),(17,3,'2020-11-16 23:46:34',1983),(99,14,'2020-11-16 23:24:26',3936),(107,19,'2020-11-16 23:22:01',1582),(15,22,'2020-11-16 23:23:30',7715),(12,8,'2020-11-16 23:46:54',5591),(104,29,'2020-11-16 23:50:27',6720),(40,19,'2020-11-16 23:33:13',8025),(16,29,'2020-11-16 23:25:34',4920),(88,1,'2020-11-16 23:35:05',8439),(69,13,'2020-11-16 23:50:17',9758),(51,1,'2020-11-16 23:38:44',5944),(24,26,'2020-11-16 23:28:34',7953),(100,9,'2020-11-16 23:40:53',8499),(100,11,'2020-11-16 23:46:19',4284),(107,8,'2020-11-16 23:48:25',4400),(117,10,'2020-11-16 23:49:12',5648),(7,8,'2020-11-16 23:47:59',7588),(69,18,'2020-11-16 23:30:16',689),(6,12,'2020-11-16 23:42:30',9040),(101,27,'2020-11-16 23:47:45',9525),(40,6,'2020-11-16 23:31:44',327),(57,13,'2020-11-16 23:40:02',3657),(83,30,'2020-11-16 23:38:41',8558),(29,29,'2020-11-16 23:34:55',8727),(107,9,'2020-11-16 23:32:36',8142),(4,23,'2020-11-16 23:40:16',7584),(5,14,'2020-11-16 23:46:05',8952),(117,7,'2020-11-16 23:27:14',7765),(113,23,'2020-11-16 23:48:48',2824),(91,8,'2020-11-16 23:36:55',166),(70,20,'2020-11-16 23:49:17',6292),(91,19,'2020-11-16 23:26:19',8648),(89,17,'2020-11-16 23:30:47',7200),(44,8,'2020-11-16 23:48:55',3188),(89,28,'2020-11-16 23:49:40',3512),(98,4,'2020-11-16 23:44:29',7446),(13,30,'2020-11-16 23:38:25',9560),(48,17,'2020-11-16 23:33:45',9418),(17,9,'2020-11-16 23:30:22',7160),(87,28,'2020-11-16 23:28:23',3080),(87,30,'2020-11-16 23:33:00',3767),(82,7,'2020-11-16 23:23:15',7381),(44,13,'2020-11-16 23:27:49',9735),(48,29,'2020-11-16 23:26:21',1993),(87,21,'2020-11-16 23:29:33',8416),(120,30,'2020-11-16 23:37:44',3513),(36,26,'2020-11-16 23:43:25',5624),(94,14,'2020-11-16 23:39:20',9253),(110,21,'2020-11-16 23:40:04',5964),(21,18,'2020-11-16 23:50:21',6382),(85,10,'2020-11-16 23:31:34',1168),(72,30,'2020-11-16 23:42:59',7476),(21,4,'2020-11-16 23:39:21',1863),(57,26,'2020-11-16 23:39:51',9424),(5,2,'2020-11-16 23:48:28',7398),(92,10,'2020-11-16 23:40:09',4955),(105,2,'2020-11-16 23:45:06',6889),(47,27,'2020-11-16 23:40:12',7482),(28,1,'2020-11-16 23:26:15',110),(75,24,'2020-11-16 23:49:39',5992),(23,20,'2020-11-16 23:41:41',6272),(54,7,'2020-11-16 23:44:08',8570),(80,22,'2020-11-16 23:42:10',3836),(50,8,'2020-11-16 23:28:35',439),(68,2,'2020-11-16 23:37:33',7587),(91,25,'2020-11-16 23:46:46',8702),(114,13,'2020-11-16 23:33:09',9398),(31,7,'2020-11-16 23:42:39',8954),(109,10,'2020-11-16 23:34:35',5434),(120,12,'2020-11-16 23:36:03',6206),(24,26,'2020-11-16 23:26:29',8122),(63,11,'2020-11-16 23:23:50',45),(74,6,'2020-11-16 23:42:21',4952),(98,25,'2020-11-16 23:47:12',215),(1,19,'2020-11-16 23:48:56',6468),(89,19,'2020-11-16 23:37:13',2549),(25,30,'2020-11-16 23:34:50',777),(69,22,'2020-11-16 23:38:39',8811),(110,20,'2020-11-16 23:26:06',5568),(50,6,'2020-11-16 23:37:07',1477),(77,8,'2020-11-16 23:23:18',9703),(9,7,'2020-11-16 23:30:44',5998),(42,25,'2020-11-16 23:21:20',9838),(111,15,'2020-11-16 23:27:27',5963),(114,13,'2020-11-16 23:35:56',9484),(9,19,'2020-11-16 23:28:52',4799),(56,1,'2020-11-16 23:35:36',4302),(60,28,'2020-11-16 23:34:37',3980),(63,3,'2020-11-16 23:50:25',1584),(113,1,'2020-11-16 23:31:39',8440),(104,17,'2020-11-16 23:29:02',7814),(7,9,'2020-11-16 23:31:43',7761),(22,24,'2020-11-16 23:40:52',8160),(46,6,'2020-11-16 23:22:20',3664),(70,10,'2020-11-16 23:26:01',3835),(25,5,'2020-11-16 23:22:59',2411),(118,21,'2020-11-16 23:47:37',2502),(51,12,'2020-11-16 23:42:42',4836),(81,11,'2020-11-16 23:42:38',8824),(68,4,'2020-11-16 23:45:52',7448),(116,16,'2020-11-16 23:25:49',7784),(27,22,'2020-11-16 23:30:50',5770),(60,8,'2020-11-16 23:22:08',5215),(3,14,'2020-11-16 23:23:31',8269),(6,16,'2020-11-16 23:21:58',7807),(74,16,'2020-11-16 23:41:50',8006),(17,26,'2020-11-16 23:27:54',4115),(95,2,'2020-11-16 23:36:49',4373),(1,26,'2020-11-16 23:37:17',3708),(52,17,'2020-11-16 23:35:15',8488),(35,12,'2020-11-16 23:32:01',2037),(66,8,'2020-11-16 23:29:46',6972),(96,9,'2020-11-16 23:27:54',4021),(89,15,'2020-11-16 23:24:51',4317),(57,11,'2020-11-16 23:42:45',5561),(23,12,'2020-11-16 23:21:14',2505),(110,21,'2020-11-16 23:34:26',2683),(20,1,'2020-11-16 23:45:09',8078),(1,9,'2020-11-16 23:45:24',8274),(60,3,'2020-11-16 23:39:47',7882),(65,12,'2020-11-16 23:43:28',900),(3,27,'2020-11-16 23:25:22',6112),(39,3,'2020-11-16 23:51:01',2223),(32,1,'2020-11-16 23:23:46',3701),(96,7,'2020-11-16 23:26:53',7633),(91,10,'2020-11-16 23:50:47',1489),(117,18,'2020-11-16 23:33:31',396),(76,10,'2020-11-16 23:48:43',5645),(3,17,'2020-11-16 23:45:50',473),(64,26,'2020-11-16 23:23:55',1692),(77,12,'2020-11-16 23:37:49',4376),(3,8,'2020-11-16 23:37:12',6689),(92,22,'2020-11-16 23:26:42',4342),(49,2,'2020-11-16 23:34:35',3990),(34,6,'2020-11-16 23:25:05',1769),(7,1,'2020-11-16 23:21:23',1857),(94,10,'2020-11-16 23:26:06',9933),(57,13,'2020-11-16 23:22:03',4181),(8,8,'2020-11-16 23:49:49',1209),(110,4,'2020-11-16 23:36:14',3303),(44,9,'2020-11-16 23:45:13',2244),(35,25,'2020-11-16 23:32:04',6423),(57,23,'2020-11-16 23:33:07',4417),(101,20,'2020-11-16 23:29:37',2312),(31,2,'2020-11-16 23:27:06',7138),(71,28,'2020-11-16 23:44:23',5507),(23,2,'2020-11-16 23:40:41',1346),(60,27,'2020-11-16 23:46:47',7572),(52,20,'2020-11-16 23:37:22',4836),(32,21,'2020-11-16 23:28:48',9785),(59,15,'2020-11-16 23:46:48',6531),(42,4,'2020-11-16 23:26:53',1895),(34,16,'2020-11-16 23:27:00',5862),(63,8,'2020-11-16 23:21:13',535),(85,12,'2020-11-16 23:30:29',192),(24,23,'2020-11-16 23:29:36',3690),(100,29,'2020-11-16 23:40:41',1739),(114,7,'2020-11-16 23:31:53',8439),(3,2,'2020-11-16 23:43:29',7282),(90,6,'2020-11-16 23:31:59',9838),(48,11,'2020-11-16 23:26:02',1491),(113,27,'2020-11-16 23:39:39',3818),(45,19,'2020-11-16 23:23:50',3384),(105,21,'2020-11-16 23:32:55',209),(64,10,'2020-11-16 23:39:24',6369),(3,21,'2020-11-16 23:38:38',5385),(2,17,'2020-11-16 23:42:05',3338),(12,14,'2020-11-16 23:41:35',3990),(16,13,'2020-11-16 23:25:08',1069),(108,17,'2020-11-16 23:37:30',7768),(42,30,'2020-11-16 23:33:55',1628),(78,19,'2020-11-16 23:48:47',8426),(90,17,'2020-11-16 23:33:40',3307),(64,18,'2020-11-16 23:31:59',4108),(45,5,'2020-11-16 23:40:23',7993),(82,28,'2020-11-16 23:30:39',730),(73,27,'2020-11-16 23:30:24',5454),(17,26,'2020-11-16 23:43:42',3268),(31,26,'2020-11-16 23:27:04',7147),(108,3,'2020-11-16 23:38:20',2134),(25,12,'2020-11-16 23:46:06',2055),(32,1,'2020-11-16 23:28:18',7090),(92,19,'2020-11-16 23:43:35',1280),(49,15,'2020-11-16 23:48:17',5493),(21,14,'2020-11-16 23:23:54',2358),(82,24,'2020-11-16 23:51:11',4317),(95,24,'2020-11-16 23:48:18',6166),(60,10,'2020-11-16 23:39:11',9218),(70,22,'2020-11-16 23:46:55',9533),(89,30,'2020-11-16 23:35:47',1683),(6,6,'2020-11-16 23:38:33',5137),(38,26,'2020-11-16 23:40:44',2485),(41,29,'2020-11-16 23:41:19',4410),(36,3,'2020-11-16 23:28:43',6534),(75,18,'2020-11-16 23:41:00',1923),(62,3,'2020-11-16 23:46:22',4093),(2,11,'2020-11-16 23:38:53',7285),(107,9,'2020-11-16 23:50:47',3861),(91,1,'2020-11-16 23:40:29',9294),(31,30,'2020-11-16 23:33:23',1831),(93,26,'2020-11-16 23:30:07',8154),(63,4,'2020-11-16 23:38:57',6118),(120,27,'2020-11-16 23:47:18',297),(95,17,'2020-11-16 23:27:20',6703);
/*!40000 ALTER TABLE `bought_record` ENABLE KEYS */;
UNLOCK TABLES;

--
-- Table structure for table `customer`
--

DROP TABLE IF EXISTS `customer`;
/*!40101 SET @saved_cs_client     = @@character_set_client */;
/*!40101 SET character_set_client = utf8 */;
CREATE TABLE `customer` (
  `id` int(11) NOT NULL AUTO_INCREMENT,
  `username` varchar(16) NOT NULL,
  `address` varchar(100) DEFAULT NULL,
  `phone` varchar(11) DEFAULT NULL,
  `email` varchar(60) NOT NULL,
  PRIMARY KEY (`id`)
) ENGINE=InnoDB AUTO_INCREMENT=731 DEFAULT CHARSET=utf8mb4;
/*!40101 SET character_set_client = @saved_cs_client */;

--
-- Dumping data for table `customer`
--

LOCK TABLES `customer` WRITE;
/*!40000 ALTER TABLE `customer` DISABLE KEYS */;
INSERT INTO `customer` VALUES (1,'孟凯','重庆市北京市沙市胡街G座 367906','18063345909','sunjing@gmail.com'),(2,'张桂兰','安徽省通辽市大东高街i座 331446','13578436601','bkang@fang.cn'),(3,'刘磊','云南省永安市高港永安路C座 926511','18993872216','ghu@hotmail.com'),(4,'吴帆','甘肃省通辽市徐汇辛集路a座 450403','18960553020','gang38@42.org'),(5,'杨颖','重庆市小红县东城杨路m座 112387','13971132775','chao34@minlei.cn'),(6,'张桂花','江苏省洁县东丽兰州街z座 485380','15777862063','jie04@yahoo.com'),(7,'何坤','陕西省帅县丰都宁德路h座 480265','15957033833','minfang@sun.cn'),(8,'李兵','湖南省太原县秀英萧路j座 931740','18605367279','shiyong@yahoo.com'),(9,'吴红','西藏自治区东市清浦柯路R座 194963','14511512362','guoyong@min.org'),(10,'孙霞','四川省琳县涪城嵇街K座 158855','18636240548','jlong@fz.cn'),(11,'陈利','内蒙古自治区帆市南长严街u座 882203','14569921502','yong92@16.cn'),(12,'罗帆','宁夏回族自治区杭州县高港昆明街i座 228241','13119759337','zouping@xiulanhan.cn'),(13,'邹瑜','四川省郑州县大兴潮州街s座 202252','15271694844','yang43@chang.cn'),(14,'张桂英','上海市北镇市滨城重庆街J座 572320','13544089355','xiazhong@mincui.cn'),(15,'郑兰英','重庆市杰县淄川黄路i座 555588','18567454490','min60@gmail.com'),(16,'罗海燕','香港特别行政区桂芳县孝南杨街n座 792717','13798847170','nawei@yahoo.com'),(17,'徐洋','贵州省荆门县牧野任街f座 706631','15210860999','min03@hotmail.com'),(18,'王洋','西藏自治区秀华市城东永安路z座 488593','14738542379','kangna@yahoo.com'),(19,'芦伟','海南省慧县海港汕尾路H座 275252','14546755242','xia47@yongxiulan.cn'),(20,'陈玉英','海南省淑华市丰都王街L座 274088','15008309287','yong88@li.cn'),(21,'陈淑兰','山西省深圳县西峰阜新路e座 581527','15591882973','li68@vx.cn'),(22,'魏阳','广西壮族自治区阜新县闵行重庆街U座 361454','13515858091','afang@hotmail.com'),(23,'林博','广西壮族自治区敏县和平武汉路x座 794850','13596964862','tao55@yahoo.com'),(24,'余梅','吉林省桂兰县城东香港路a座 320842','15178269019','gang46@04.cn'),(25,'徐桂香','四川省天津市翔安马路P座 654195','18836656628','zhouchao@kang.cn'),(26,'王倩','香港特别行政区瑜县平山呼和浩特街E座 323960','14543549192','yan33@gmail.com'),(27,'陈涛','贵州省志强县西峰银川街n座 340503','14793206162','yong44@gmail.com'),(28,'周龙','广西壮族自治区丽娟县海港赵街j座 877214','13861165616','li90@gmail.com'),(29,'贾帅','河北省太原县华龙北镇路j座 939339','15867089467','xzhu@14.cn'),(30,'许玉','内蒙古自治区玲县上街六安路X座 337026','14514401153','taoyin@zoushao.cn'),(31,'陈明','浙江省六安市沈北新韩街F座 591393','15805375515','hwu@wei.cn'),(32,'王欣','山西省凤英市南长吴路W座 920365','15609343085','mhou@gmail.com'),(33,'杨丹','江西省敏县兴山阮街r座 357734','13040019498','juan67@gangsun.cn'),(34,'杨欣','江西省秀华县高明陈路e座 660040','18122711670','jun77@yahoo.com'),(35,'马华','湖南省杭州市滨城沈阳街a座 718475','13269749650','ucheng@gmail.com'),(36,'蒋丽丽','青海省岩市友好惠州路z座 341234','15764363519','juanqiu@nd.cn'),(37,'贾帆','福建省重庆县合川哈尔滨路I座 216274','18759897381','juanwen@51.cn'),(38,'杨文','广东省沈阳县长寿合山街x座 787848','18658232064','afeng@gangkong.org'),(39,'刘建华','浙江省晶县龙潭太原街Z座 981879','15991490051','weilei@yangmin.cn'),(40,'徐旭','河南省伟县沙市杭州街r座 161459','13733978084','liangjuan@gmail.com'),(41,'程玉英','天津市健市双滦申路c座 438790','15529023521','klu@jie.cn'),(42,'李萍','江苏省辛集市清城李路k座 695916','15536080213','juanpan@hotmail.com'),(43,'陈利','上海市兴安盟县花溪张路T座 866027','13442669952','gyi@hotmail.com'),(44,'皮婷','四川省柳州市闵行广州路g座 654089','15653060725','xiatan@taozhu.cn'),(45,'方桂芝','澳门特别行政区成都县魏都李路c座 691519','15887694463','ping90@weihe.cn'),(46,'赵小红','青海省贵阳县魏都昆明路y座 736056','13492427360','ohu@gmail.com'),(47,'郑淑兰','安徽省邯郸县璧山莫路h座 164300','13887375074','min91@yahoo.com'),(48,'王玉','吉林省欢县沙湾黄路N座 245192','18212951580','pengmin@fang.cn'),(49,'杨明','安徽省静市长寿太原路H座 254446','15556636126','maxiuying@ff.cn'),(50,'姜秀云','澳门特别行政区丹丹县友好吴街c座 929875','13588057513','yangyong@song.cn'),(51,'杨秀芳','安徽省马鞍山县江北杨街a座 451335','15202463539','houming@xiuying.cn'),(52,'陈娟','广西壮族自治区杨县江北合肥街V座 805636','14573245593','li10@song.cn'),(53,'秦华','河北省秀荣县高港颜路F座 184815','18092710833','qqian@yahoo.com'),(54,'孙建国','河南省六盘水市滨城梧州路A座 149135','18989857159','upan@hotmail.com'),(55,'邓莹','天津市张家港县合川杨路q座 580088','13151832193','taotao@14.net'),(56,'范芳','新疆维吾尔自治区建国市长寿哈尔滨路v座 303496','18699270201','luxia@minming.cn'),(57,'陆桂英','天津市西宁县东城合肥街S座 796592','15911006154','vliao@cuideng.cn'),(58,'李洋','四川省秀梅市山亭佛山街k座 482310','14510447793','ikang@gmail.com'),(59,'魏伟','上海市关岭县华龙何路X座 121271','13361734475','guiyingduan@tw.cn'),(60,'孔云','河南省娟县白云杨街L座 209013','14550482740','ishi@hotmail.com'),(61,'石兰英','西藏自治区艳市龙潭梁街w座 414241','13169335198','scai@gmail.com'),(62,'王倩','山东省张家港市璧山兰州路M座 568214','15101354001','baiyong@gmail.com'),(63,'饶桂花','西藏自治区兰英市永川北京路R座 860998','18904575396','nmeng@hw.cn'),(64,'董飞','香港特别行政区荆门市秀英潜江路M座 177106','15583797933','ylei@yongna.net'),(65,'王霞','宁夏回族自治区拉萨县怀柔澳门街D座 591435','13278677152','juan84@jielei.cn'),(66,'杨琳','黑龙江省桂花市高明荆门路e座 246752','13186738928','xia58@juanjing.com'),(67,'那鑫','澳门特别行政区郑州县高坪重庆路y座 841417','15878403600','minghuang@hotmail.com'),(68,'贺波','甘肃省杰市淄川赵街V座 897145','13336123058','nqin@wei.cn'),(69,'俞娜','浙江省彬县和平拉萨街k座 362706','13895226950','tmo@hotmail.com'),(70,'陆坤','云南省宁市高港李街O座 705497','15923618571','xiuying62@liaoyan.cn'),(71,'崔建华','河北省秀珍市山亭周路z座 637426','18518769851','ygong@yongtao.cn'),(72,'余丹','河北省关岭县锡山合肥街g座 820524','15684231419','cdu@ding.cn'),(73,'劳秀云','陕西省济南市璧山王路j座 257310','15259795333','xwang@51.cn'),(74,'喻磊','海南省荆门市蓟州西宁路G座 154781','13019723720','liaoxiuying@chaotao.cn'),(75,'王超','浙江省呼和浩特市海陵汤街d座 598177','18529790024','hfeng@24.cn'),(76,'明岩','天津市梅县长寿王路e座 242430','13878011689','oqiao@lei.com'),(77,'周秀梅','贵州省杨市龙潭西安街e座 351200','15852422634','jun69@gmail.com'),(78,'黄淑华','青海省大冶县山亭呼和浩特街G座 378955','15972838196','weichen@yang.cn'),(79,'高秀云','福建省丹县吉区拉萨街S座 898519','14577671419','zdai@63.org'),(80,'张英','云南省秀珍市高港倪街u座 916042','13980245705','jbai@hotmail.com'),(81,'赵英','四川省太原县淄川王街y座 964170','13201424300','li72@weimo.com'),(82,'张莹','湖北省潮州县和平沈阳路U座 287235','13922348037','tqian@juan.cn'),(83,'聂桂花','山西省香港市双滦程街l座 297011','13448839694','ssong@hotmail.com'),(84,'冯淑兰','云南省汕尾市海港张街t座 423089','13456704424','wanggang@yahoo.com'),(85,'王莉','湖北省玉县璧山徐路g座 700387','18681760267','fyao@yahoo.com'),(86,'贾玉珍','陕西省齐齐哈尔市丰都刘街o座 152265','15566854265','fangli@yanshao.net'),(87,'李斌','内蒙古自治区惠州市六枝特西安路W座 364547','13942951609','mingxia@tao.cn'),(88,'关彬','澳门特别行政区巢湖县永川杭州路k座 128040','18644614899','gang14@17.net'),(89,'曹俊','上海市波县新城巢湖街R座 363364','18579060909','lixia@yahoo.com'),(90,'向秀华','台湾省凯县友好徐路f座 861042','15758325372','wei77@fn.cn'),(91,'李桂香','江西省文县华龙潘路d座 783470','15296187513','kongqiang@yuankang.org'),(92,'黎秀华','内蒙古自治区秀云市怀柔呼和浩特路B座 108456','18033891785','mluo@yangyong.cn'),(93,'金林','辽宁省桂花县平山潜江路y座 883987','13265032633','daili@hotmail.com'),(94,'陈鹏','贵州省秀英市华龙辽阳路g座 299494','18873767708','tangping@yahoo.com'),(95,'王想','山东省倩县白云何路T座 739877','18078745656','tao88@ming.cn'),(96,'王倩','湖南省凤英县牧野上海路g座 628309','18788545528','jing71@lei.cn'),(97,'孔丹丹','河北省沈阳市萧山南京街r座 230288','15546772802','lei61@yahoo.com'),(98,'王秀珍','福建省荣市白云天津路Y座 651120','15756920296','qiaowei@yahoo.com'),(99,'杨玉珍','湖南省兴安盟县黄浦广州街E座 193308','18173441023','lhou@hotmail.com'),(100,'毛琴','河北省阜新市六枝特南宁街E座 988700','13007784844','dengjuan@hotmail.com'),(101,'鞠玉英','湖南省建华市安次成路Q座 675532','14513457907','yangwen@gmail.com'),(102,'毕丹','北京市旭县孝南重庆街U座 570158','18600866758','longwei@gmail.com'),(103,'何佳','澳门特别行政区雪市梁平任路e座 288529','15016066252','xqin@gmail.com'),(104,'魏秀珍','北京市秀云县海港刘路X座 543566','15109066930','gxia@rp.cn'),(105,'徐旭','浙江省西安市城东曾路T座 744384','15321876444','sunyan@minzhao.cn'),(106,'林彬','重庆市建国县大兴周路h座 856278','18587142848','weifu@gmail.com'),(107,'张婷','广西壮族自治区张家港县东丽刘路c座 276321','14577124521','xiaxie@gmail.com'),(108,'李荣','河北省大冶县吉区胡路g座 719612','18972744332','pingtan@yong.cn'),(109,'郝芳','台湾省金凤市崇文周街a座 776486','15351128826','xia20@op.cn'),(110,'蒋丹','上海市涛市清浦海门路E座 480320','18135510345','xia97@yahoo.com'),(111,'田帆','福建省汕尾县蓟州海口路R座 995230','13273998109','junyuan@gmail.com'),(112,'王桂芳','湖北省桂荣县江北长沙路h座 233932','18080505491','tzhou@laijiang.net'),(113,'孟玉','河南省辛集县门头沟郭路c座 748085','13288825291','wei67@hotmail.com'),(114,'康伟','西藏自治区秀珍县梁平邯郸路A座 943440','18665761459','fangtan@hotmail.com'),(115,'王秀梅','陕西省刚市黄浦张路Z座 470802','18722821736','renming@gmail.com'),(116,'陈婷婷','台湾省重庆县金平北京街z座 684266','15888423604','xiulan56@qiaomao.cn'),(117,'兰梅','四川省福州市黄浦张街V座 881252','13579309321','juan02@hotmail.com'),(118,'朱琴','山西省颖市蓟州罗街C座 808557','13678544161','yangmao@hotmail.com'),(119,'苏雷','西藏自治区福州市海港嘉禾街L座 136902','15826354180','chaosong@gmail.com'),(120,'王淑珍','重庆市兰英市和平惠州路d座 186694','13482769665','jma@pingyong.org'),(121,'林秀英','广西壮族自治区南昌县安次王街U座 593298','18727333406','pbai@hotmail.com'),(122,'赵丽','河北省佛山市永川李街G座 322040','18709450843','fang47@xk.cn'),(123,'陈莉','陕西省汕尾县门头沟台北路b座 330507','14775789968','maxiulan@gmail.com'),(124,'谢艳','青海省通辽市高明马街R座 426580','14588704464','junshen@juan.net'),(125,'翟秀英','台湾省璐县南长合肥路Y座 227212','14502450264','zengxiulan@yahoo.com'),(126,'方强','吉林省佳县南长昆明街f座 728687','13437830695','mzhang@mingcui.net'),(127,'赵丽华','青海省巢湖县高明广州街W座 861710','13432451836','jing10@yahoo.com'),(128,'许莹','江苏省成都县和平张街v座 240251','13467091855','yangding@hotmail.com'),(129,'彭小红','河北省辉市普陀南京路m座 566610','18568642104','rmo@09.cn'),(130,'朱建平','湖北省莹县东丽兰州路H座 505491','18155349098','qiangqiu@yahoo.com'),(131,'岳小红','甘肃省杰县清河杭州路t座 667186','13689811084','qiangjia@82.cn'),(132,'陈秀珍','重庆市玉梅县秀英宜都街n座 181134','15949673021','xiulan48@yahoo.com'),(133,'倪玲','云南省拉萨县房山吴路G座 170804','13206498806','qiangzhang@yahoo.com'),(134,'杨芳','湖北省雪市永川谭街m座 971145','15787690567','jiangming@mingguo.cn'),(135,'戚健','福建省洁县沙市周路Z座 601344','13756158532','zhaoyang@minlin.net'),(136,'邱建平','广东省秀珍市金平上海街Y座 247175','13362137983','fengxiuying@xiajie.cn'),(137,'何波','广西壮族自治区建华市闵行深圳路B座 159000','15756919187','guiyingwu@yahoo.com'),(138,'邵娜','江苏省娟市高坪济南街L座 969742','13282993144','yong14@hotmail.com'),(139,'杨楠','山东省呼和浩特县东丽杨路P座 382551','15347236465','kjiang@hotmail.com'),(140,'郭洋','西藏自治区兴安盟县高坪嘉禾街w座 245483','13765738959','weisun@yahoo.com'),(141,'王畅','吉林省淑英市梁平刘路Y座 231454','18186361311','jing31@jie.cn'),(142,'吴敏','甘肃省雪县沈北新张街F座 323499','18656222271','yangli@zhangyu.cn'),(143,'陈淑英','吉林省贵阳市大东西宁路t座 221219','15343396070','wcheng@gmail.com'),(144,'何莹','吉林省华县崇文王街R座 210712','18096935064','jun56@hotmail.com'),(145,'唐鑫','重庆市云市大东王路c座 575138','13898517096','li32@chen.cn'),(146,'黄英','江苏省乌鲁木齐县普陀李街G座 917075','15766171198','ghe@yanguo.cn'),(147,'胡东','湖南省哈尔滨县南湖六盘水街J座 217226','14583192331','chaomeng@yahoo.com'),(148,'欧瑜','浙江省敏市翔安陈街C座 156333','13580959008','yan80@gmail.com'),(149,'王勇','台湾省福州县孝南傅街I座 141169','13548600873','wshen@hotmail.com'),(150,'桑红','湖南省淑华市山亭丁街G座 111891','14544054509','yechao@xiuying.cn'),(151,'刘婷','香港特别行政区岩市蓟州哈尔滨路e座 902064','14520388858','xuli@hotmail.com'),(152,'朱秀荣','青海省丹丹市友好通辽路U座 635841','15200859610','juan49@yahoo.com'),(153,'陈秀兰','海南省燕县秀英孔街V座 258567','15145836062','jiebai@gmail.com'),(154,'涂飞','湖南省海门市高港刘街q座 154621','13151990851','wuli@yahoo.com'),(155,'邹斌','陕西省玉县城北王路M座 859917','18230450282','ping67@gmail.com'),(156,'姚萍','澳门特别行政区阜新市静安胡路V座 936329','18601250345','guiyinglei@yahoo.com'),(157,'黄佳','澳门特别行政区桂芝市黄浦六盘水街w座 339457','15608202391','ping86@hotmail.com'),(158,'刘晶','重庆市桂香市普陀淮安路B座 658339','15745739715','hanfang@hotmail.com'),(159,'陈丽华','四川省金凤县白云邓街n座 952211','15033997295','liaogang@gmail.com'),(160,'谭小红','内蒙古自治区石家庄市西峰阎路C座 888251','15847270218','pingcai@tq.cn'),(161,'马杨','湖北省楠市双滦杨街o座 874735','15961793827','taoliu@yahoo.com'),(162,'崔峰','安徽省香港市高明齐齐哈尔路P座 230163','18533611791','fang12@fc.cn'),(163,'卢玉兰','青海省军市沈北新苏街J座 458869','18833111697','tyi@yahoo.com'),(164,'陈鹏','浙江省柳州市山亭嘉禾街T座 661139','18762113828','fanmin@hotmail.com'),(165,'张成','河北省惠州市永川南昌路t座 914181','13248327155','wenyan@gmail.com'),(166,'唐浩','内蒙古自治区丽丽县合川夏路f座 568422','15382594048','guojuan@hotmail.com'),(167,'张玉珍','青海省长春市华龙柳州路X座 839388','13571670573','li05@yahoo.com'),(168,'郭杰','广西壮族自治区鑫市东城天津街e座 956186','15186922026','stao@zx.cn'),(169,'唐博','天津市桂珍市秀英张家港街y座 138810','18160596681','leifu@yahoo.com'),(170,'宋旭','海南省颖市平山合山街M座 382752','15926604924','yaofang@gmail.com'),(171,'浦强','江西省长沙县南溪上海路l座 861747','13811887927','jing84@yongfeng.net'),(172,'刘宇','四川省南京市西夏王路D座 872562','15240971174','jun34@aq.cn'),(173,'马丽华','江苏省淑兰县萧山张街s座 487561','18761903917','yan54@yahoo.com'),(174,'傅璐','重庆市金凤市普陀崔路X座 726176','15345844013','ming41@hotmail.com'),(175,'黄亮','广西壮族自治区佛山县城东乌鲁木齐街u座 917207','15374359580','zouwei@qiangqiang.cn'),(176,'赵丽丽','山西省长春市海陵南京街W座 322435','13643417690','yangkong@chaoluo.cn'),(177,'黄想','辽宁省娟市丰都阜新街c座 393149','13033244242','zengna@leigang.cn'),(178,'贾斌','江苏省西安县朝阳张街U座 133362','13831047631','suwei@gmail.com'),(179,'黄丽','重庆市萍市平山辽阳街i座 631288','14527391548','eqiu@gmail.com'),(180,'张玉','澳门特别行政区阳县怀柔南宁街W座 439046','18841940007','chao86@xiulanchao.cn'),(181,'岳桂英','北京市利县大兴兴城街r座 113649','18928329240','yan50@yahoo.com'),(182,'张丽华','陕西省汕尾县南湖郑路F座 175838','13223382297','kongxiulan@yahoo.com'),(183,'张秀兰','山西省宇县西峰长沙路j座 211870','13829318959','lixiao@jia.cn'),(184,'张凯','台湾省东莞县静安叶街U座 850287','14739090034','jiesun@luo.cn'),(185,'韩红霞','山西省合肥市沈北新通辽路h座 607774','15609020600','chengfang@leigu.cn'),(186,'张桂英','天津市雪县海港南宁路u座 797952','15811302110','pengfang@xiuyingjuan.net'),(187,'向玉兰','甘肃省波市海港西安路M座 741491','15620669751','gujun@hotmail.com'),(188,'徐淑兰','陕西省春梅市西夏许街V座 823421','13437904648','mingyu@yahoo.com'),(189,'李雷','江西省武汉市高明汕尾路P座 943881','15617533683','leishi@gmail.com'),(190,'张萍','湖北省南昌县房山潜江路T座 744090','15387644995','lujing@xia.cn'),(191,'谢桂英','江苏省重庆市涪城申路b座 923351','18920168491','chengjie@oo.cn'),(192,'白欢','河南省兵县涪城张家港街C座 924791','15990223408','wenguiying@qinsun.cn'),(193,'曹娜','上海市玉梅市翔安辛集路h座 367403','15867984028','panwei@qp.cn'),(194,'萧勇','湖南省伟市梁平柳州街o座 683316','13359418122','zhengchao@hao.cn'),(195,'郭斌','浙江省玉英县大兴阜新路e座 231891','15532437861','ogong@lixiang.cn'),(196,'黄淑珍','四川省瑞县东城北镇路r座 248219','18708048248','naluo@tao.net'),(197,'苏娜','四川省斌县龙潭南京路b座 227257','13110558669','bkong@gmail.com'),(198,'俞东','澳门特别行政区广州市花溪邱街N座 986984','13507547541','mafang@juanduan.net'),(199,'田超','山东省雷县城北拉萨路e座 298981','14508198326','fangli@hotmail.com'),(200,'廖秀荣','湖北省兴安盟县丰都兴安盟路N座 216211','15246738046','lailei@gmail.com'),(201,'刘静','河北省峰县城北徐路B座 952650','18164034217','bgu@yahoo.com'),(202,'欧阳龙','青海省勇市永川叶街v座 118093','18066469683','fangcao@weili.cn'),(203,'陆桂香','内蒙古自治区南昌县东城呼和浩特街C座 145947','15278747974','jtang@gmail.com'),(204,'林慧','青海省福州市海陵广州路Y座 579447','15238352641','fzhong@hotmail.com'),(205,'王丹丹','吉林省太原市沈河平街x座 390801','14576172869','xiulan08@xiuyingzou.cn'),(206,'骆帅','上海市南宁县清河梁路t座 405745','13660202676','mana@35.cn'),(207,'苏丹丹','云南省秀云县魏都黄街o座 865492','13539688265','yongtao@duzeng.com'),(208,'李强','四川省燕县黄浦农路Z座 136592','13865061177','xiuyingxue@juanyan.cn'),(209,'邢艳','辽宁省太原县崇文大冶路B座 759202','18245072271','maqiang@taoshao.cn'),(210,'夏桂芳','甘肃省桂芝市清浦吉路D座 185802','15783439702','zhangxiuying@yahoo.com'),(211,'车海燕','广西壮族自治区洋县高坪叶街e座 569670','18673118653','shaoping@yahoo.com'),(212,'屈欣','内蒙古自治区北镇县龙潭刘街V座 529911','18885098145','juan35@yahoo.com'),(213,'张桂芝','青海省桂香市牧野宁德路y座 134743','13592870877','guoqiang@zhuhou.cn'),(214,'谢帅','河南省太原市双滦邯郸街n座 825466','18644373675','wanwei@yahoo.com'),(215,'李玉兰','辽宁省刚市平山杭州街G座 712730','15720111377','yong58@gmail.com'),(216,'唐宁','吉林省东市淄川福州路h座 453058','13763005981','liaoming@mingmin.net'),(217,'李倩','辽宁省洋市锡山澳门街O座 526594','18969277382','kongguiying@24.cn'),(218,'袁淑英','云南省沈阳县秀英潮州街C座 989718','18713658984','yuanyan@weixia.cn'),(219,'赖明','西藏自治区沈阳市大兴关岭街v座 458286','13778342422','yang70@hotmail.com'),(220,'崔丽娟','台湾省西宁县东丽鞠街Z座 804588','15280237036','jun45@70.cn'),(221,'莫雪','湖南省艳县萧山潘路T座 222593','13014098871','taodu@gmail.com'),(222,'邓娜','上海市建县平山胡街X座 652580','18931711429','xiulankang@gmail.com'),(223,'李伟','青海省柳州市城东陈路Z座 498738','15878603827','jing82@xiulan.net'),(224,'靳淑英','江西省云县清浦李街o座 668497','13599430642','lihu@guiyingtian.cn'),(225,'白冬梅','香港特别行政区鑫县华龙许路d座 299902','14540737845','kqiu@fanggang.net'),(226,'蔡婷','新疆维吾尔自治区龙县高明拉萨路N座 989495','15604195822','xuejing@weishi.cn'),(227,'段斌','四川省关岭县永川阮路d座 280520','18872179495','chao00@yangyuan.cn'),(228,'赵平','宁夏回族自治区梧州县长寿赵路Y座 274983','13457694608','juanlu@cheng.cn'),(229,'魏建军','四川省丽娟市梁平北京街y座 697032','15829988675','xiangming@yahoo.com'),(230,'李凤兰','福建省哈尔滨县门头沟方路y座 142262','14556800310','yanxia@gmail.com'),(231,'汤兵','贵州省兰英县沙市关岭路S座 315365','14540322691','wanna@yahoo.com'),(232,'刘秀云','湖南省丹县清浦哈尔滨路l座 129505','18595510012','zfang@lichao.net'),(233,'杨英','上海市雪市西夏梧州路f座 943468','14527914077','nasu@gmail.com'),(234,'杜建军','吉林省六安县翔安杨路H座 296586','15193063951','xionglei@qiang.cn'),(235,'林杨','河北省南京县六枝特佛山路k座 357968','15728054874','zouwei@gmail.com'),(236,'雷建国','西藏自治区潜江县清城刘街v座 515302','15353181513','yujie@wei.cn'),(237,'李梅','贵州省静县高港张路g座 358326','15248827746','yong11@hotmail.com'),(238,'周玉梅','宁夏回族自治区莹县合川北京路b座 339847','15365782106','xxiang@jielei.cn'),(239,'叶秀芳','河南省天津市沙市陶路m座 220673','13384698544','lei27@uk.cn'),(240,'李秀荣','甘肃省宜都县高港张街o座 472952','18514764141','rdeng@fang.cn'),(241,'刘畅','云南省兴安盟县普陀邯郸街v座 978502','18524316046','vyi@yahoo.com'),(242,'郑明','西藏自治区琳县吉区北镇街L座 538286','13570834467','guolei@gmail.com'),(243,'卢阳','浙江省红霞县锡山周路S座 267162','18936214655','qiuping@yahoo.com'),(244,'毛琳','内蒙古自治区潜江县沈北新徐路B座 654273','18551566238','rpeng@fan.cn'),(245,'李亮','重庆市琴县友好南宁街v座 754054','14500947499','lei99@hotmail.com'),(246,'刘文','香港特别行政区合山市和平长沙路W座 631128','13880863741','minqian@yahoo.com'),(247,'茅坤','广东省建县东城马鞍山街S座 817285','13956172015','slei@62.cn'),(248,'梅峰','福建省颖县城东乌鲁木齐路v座 542219','13980095722','xiulanzhou@gmail.com'),(249,'朱桂芳','广西壮族自治区勇县普陀台北街M座 378178','13461958322','cbai@hotmail.com'),(250,'李晶','吉林省淑珍县龙潭宋路r座 563663','14540014446','houli@yahoo.com'),(251,'江淑珍','广西壮族自治区兰州县丰都刘街w座 350646','15284041367','xiexiuying@hotmail.com'),(252,'吕海燕','云南省潜江县门头沟何街k座 734851','18597568595','qiang09@yahoo.com'),(253,'周林','陕西省桂芝市沈河马路d座 402441','13930953257','khou@hotmail.com'),(254,'石梅','江西省丹县沙湾呼和浩特路S座 844756','18154887948','qcai@yahoo.com'),(255,'赵霞','内蒙古自治区合山市徐汇沈阳路t座 766171','18578498599','zhuping@gmail.com'),(256,'张琴','台湾省西安市清城南昌路u座 323613','13960334384','yong27@49.cn'),(257,'张桂香','河北省张家港市蓟州张路J座 699855','15865214560','iyuan@xiadong.cn'),(258,'石静','北京市张家港市兴山嘉禾路T座 467264','18690277226','bcao@yin.cn'),(259,'杜金凤','内蒙古自治区海口市西峰宁德路U座 131862','13036349845','xiuying65@vv.cn'),(260,'王建','黑龙江省长春市长寿杨街c座 989355','18995596923','yangzhang@75.cn'),(261,'赵秀华','澳门特别行政区南宁市上街银川路h座 234766','14774425952','fang45@houhou.cn'),(262,'曾岩','青海省丹市丰都哈尔滨路L座 930438','15216132932','xiulan43@jingwei.org'),(263,'彭强','台湾省阜新县秀英温路h座 165581','15518610806','gtao@en.cn'),(264,'杨洋','福建省武汉市龙潭南昌街B座 338181','18934752870','junlong@hotmail.com'),(265,'钱娜','贵州省桂英市牧野福州路I座 741809','18889595256','zhou@hotmail.com'),(266,'彭芳','黑龙江省娜县城北呼和浩特路o座 531890','13836986510','agu@rk.cn'),(267,'韦秀荣','陕西省梧州县清浦骆街X座 494533','14584809550','hxiao@hotmail.com'),(268,'王彬','黑龙江省天津县淄川汪街u座 996990','13706375800','gcui@haopan.cn'),(269,'李玉华','广东省广州县魏都李街V座 615716','15236842430','ndu@wei.cn'),(270,'张秀梅','陕西省洁县静安郑州路q座 840456','15970253846','dengxiulan@bai.cn'),(271,'殷刚','河北省香港市长寿惠州路x座 746415','18963928576','cuixiuying@gmail.com'),(272,'王晨','内蒙古自治区辽阳县高港兴城路z座 724414','15300521582','jinping@zhoudu.cn'),(273,'梁玉','青海省建军市东丽李街J座 833821','18109952194','taoxu@gmail.com'),(274,'李斌','海南省伟市长寿熊街b座 206494','15895555677','lutao@78.cn'),(275,'华秀华','四川省玉兰市新城王路O座 998372','14530995120','gangdu@weiyang.cn'),(276,'李雪梅','海南省太原市南长惠州街J座 629605','18244960124','ozhou@fanglu.cn'),(277,'牛娟','河北省玉县双滦陈路C座 659491','18035563906','molei@xiajun.cn'),(278,'王敏','安徽省云县徐汇陈路n座 456186','18256251051','pwu@yahoo.com'),(279,'崔红霞','陕西省沈阳县翔安银川街G座 348616','18528669339','liaoqiang@hotmail.com'),(280,'吴帆','甘肃省兰州县房山何路V座 781746','13771830658','dengqiang@qinshao.cn'),(281,'何淑华','江西省银川市吉区荆门街T座 771477','18686741478','wei75@na.cn'),(282,'邱淑兰','安徽省辉市吉区邹路b座 364501','14762518797','kmao@pingkong.com'),(283,'杨玉兰','台湾省秀云县浔阳李路Q座 522564','15617551956','mingwei@yahoo.com'),(284,'罗楠','吉林省海门县高坪范路C座 369344','14734544649','fangmao@guiying.cn'),(285,'黄静','广西壮族自治区芳市永川孙街o座 602997','14502831240','guiying44@yahoo.com'),(286,'谢金凤','吉林省巢湖县兴山广州街R座 383762','13331766750','yinxiuying@jingkong.cn'),(287,'张玉珍','河南省佛山县沙市南京路a座 862938','18030782264','qlu@uj.cn'),(288,'戴俊','上海市台北市大兴王街t座 917053','15641698416','pinglai@yahoo.com'),(289,'宋建华','黑龙江省桂芳县孝南王街d座 881660','15363105217','ping54@ta.cn'),(290,'原宇','四川省大冶县大兴吴街k座 135358','13194529726','uzou@qiangli.cn'),(291,'朱小红','黑龙江省南昌市兴山合山路p座 584464','18841384600','xiuyingpeng@yahoo.com'),(292,'杨强','黑龙江省玉梅县平山荆门路C座 775048','13629866639','minlu@hotmail.com'),(293,'孟帅','浙江省峰市锡山汕尾路q座 857340','18070188374','liangyong@yahoo.com'),(294,'卢玲','四川省长沙县浔阳成都街p座 285273','15260251722','liaoxia@yanhe.cn'),(295,'张敏','广东省长春县涪城通辽街G座 146874','15256267393','bxiong@yahoo.com'),(296,'蔡杰','浙江省佛山县兴山哈尔滨街D座 759283','13561699792','yliao@gmail.com'),(297,'张桂兰','湖北省郑州县合川曹街l座 718967','18074639188','yongliang@yahoo.com'),(298,'林浩','新疆维吾尔自治区畅县门头沟南宁路d座 127136','18680188531','lei55@juancheng.cn'),(299,'伍秀珍','江西省淑华市清浦淮安街X座 636410','15152092656','yanxue@yuanxu.cn'),(300,'叶婷婷','江西省建县沈河鲍街d座 966390','13514502754','weibai@yahoo.com'),(301,'毛博','湖南省秀荣市海港巢湖街r座 736198','13559403162','jie62@yahoo.com'),(302,'邓建','辽宁省芳县大东关岭路d座 204805','18071260961','jun73@yahoo.com'),(303,'罗玉珍','江西省雪梅市浔阳郭路X座 108718','13187963356','fduan@wei.cn'),(304,'杨玉','江苏省凤兰县海港辽阳街c座 204616','13169185834','cwu@hotmail.com'),(305,'谢杨','香港特别行政区合山市沈河梁街c座 312597','18655091450','dtang@hotmail.com'),(306,'王岩','湖南省秀英县丰都潮州路d座 613421','13771640984','duguiying@ma.net'),(307,'刘宇','辽宁省海燕县合川黄路E座 134926','13360997864','zhaochao@gmail.com'),(308,'吴雷','河南省斌县西夏香港街b座 337505','13582585533','gangxie@ej.cn'),(309,'金欣','台湾省桂兰县普陀彭街a座 754820','15054500988','itao@yahoo.com'),(310,'龚秀云','河南省想市高坪邓路u座 594331','18916325007','wkang@lizhao.cn'),(311,'王敏','河北省海燕市南长张路k座 572057','13498499699','jie75@pan.cn'),(312,'刘坤','辽宁省璐市上街合肥路t座 552398','18733074033','ochang@hotmail.com'),(313,'萧燕','河北省汕尾县龙潭袁路o座 897558','13395291633','houqiang@zhangsun.cn'),(314,'许磊','福建省春梅市萧山李路c座 797585','15600417376','xiuyinghao@gmail.com'),(315,'廖红霞','甘肃省丽县西夏周路Q座 662047','15806943159','li89@yan.cn'),(316,'卢玉兰','新疆维吾尔自治区通辽县璧山辛集街z座 853038','18829562691','jiangming@pingjing.cn'),(317,'赵洋','福建省海门市花溪佛山街t座 853186','15831538262','xiulanzheng@yahoo.com'),(318,'吴桂香','北京市芳县牧野海口路v座 754224','13459290493','pingcui@pan.cn'),(319,'刘旭','天津市太原市华龙荆门街X座 659091','18226977343','yanchao@qiangyin.cn'),(320,'张淑兰','海南省军市清河六安街y座 181366','18120584452','chao23@gmail.com'),(321,'殷宁','河南省南京县龙潭王街g座 424177','13480023890','nzhong@hotmail.com'),(322,'杨文','广西壮族自治区合肥市魏都刘路N座 117857','15048772862','xiuying52@hotmail.com'),(323,'谢红','辽宁省桂芳县上街迟路P座 442678','15339046193','juan62@guiyingsun.cn'),(324,'朱帆','陕西省贵阳市涪城石家庄街u座 281570','18742501409','nluo@hotmail.com'),(325,'叶红','江苏省拉萨县崇文毛街g座 733133','15753876099','qiaojun@gmail.com'),(326,'李岩','湖南省亮县萧山王路I座 831453','13959884005','fang69@hotmail.com'),(327,'李娜','安徽省马鞍山县华龙司路H座 865289','18702015184','fangjia@lai.cn'),(328,'王颖','云南省乌鲁木齐市怀柔王街Z座 867919','13683550257','jun85@97.com'),(329,'李博','湖北省阜新市丰都陈路O座 807043','13289764717','qiang33@juanfang.cn'),(330,'张萍','福建省香港县安次银川路s座 753615','13884500120','jing52@kr.org'),(331,'苏洋','四川省南宁县安次柳州街d座 841635','13849873138','jie27@31.cn'),(332,'白波','陕西省佳市梁平柳州街d座 651341','18139890937','hhan@gmail.com'),(333,'高婷婷','青海省兰州县上街谭街X座 141684','14580223927','yong88@hotmail.com'),(334,'冯萍','山东省齐齐哈尔市萧山长沙路D座 237670','15000478534','mlong@hotmail.com'),(335,'彭丽娟','青海省天津县高明淮安街L座 345560','14593786078','tfu@hotmail.com'),(336,'陈志强','贵州省桂香市东城东莞街G座 736240','13383022279','eqiao@81.com'),(337,'董凤兰','澳门特别行政区兴城县普陀马鞍山街t座 154176','13748772280','mwang@gmail.com'),(338,'杨龙','河北省银川县清城巢湖路i座 731677','18746773329','qzhou@liqiao.cn'),(339,'程秀珍','陕西省兰州市秀英冯路C座 137253','15644797769','duanmin@gupan.cn'),(340,'徐华','北京市福州市六枝特陈街J座 152170','18882493216','gang53@jiedu.cn'),(341,'张凯','江苏省兰英市高港张家港路k座 815653','18039348243','iyu@chaofang.net'),(342,'任凤英','广东省杰县魏都福州路n座 945059','15807919755','xdeng@66.cn'),(343,'孙丽华','辽宁省台北县孝南易路L座 895778','13978909986','kcai@yahoo.com'),(344,'刘红','新疆维吾尔自治区柳州县蓟州李街X座 515043','13205555256','yang74@juancheng.cn'),(345,'莫霞','西藏自治区慧市南湖佛山路j座 283236','13042270155','xiegang@hotmail.com'),(346,'张建国','福建省玲市南湖福州街a座 116626','15642093959','xia90@hotmail.com'),(347,'牟文','四川省海燕县东城李街S座 242624','18613699873','chaotao@gmail.com'),(348,'徐宁','海南省北镇县永川长沙路Z座 782372','18808171799','qiang07@jiema.cn'),(349,'陈红','辽宁省香港县龙潭武汉街s座 923619','13327685037','jiesu@hotmail.com'),(350,'王凤英','新疆维吾尔自治区琳市崇文齐齐哈尔路E座 393651','13917935241','naqian@yanglei.cn'),(351,'张帆','贵州省柳县长寿通辽路b座 161664','15804256545','xiejie@hotmail.com'),(352,'桂莉','广东省哈尔滨县友好卢路P座 118938','18918382992','guiyinghao@yahoo.com'),(353,'唐海燕','四川省博县合川蔡路H座 107419','14589769395','tanxia@suzeng.cn'),(354,'何凤兰','台湾省东莞市徐汇天津街q座 991083','15709817495','jiangna@hotmail.com'),(355,'徐柳','青海省阳县浔阳佛山路r座 317558','15395111772','tjin@yin.cn'),(356,'杨凤英','内蒙古自治区玉华县崇文大冶街E座 285263','18740325094','li58@56.net'),(357,'符艳','贵州省上海市徐汇黄街Q座 828653','15568880317','pkong@hotmail.com'),(358,'林志强','江西省燕县平山荆街N座 994519','15239636866','qiang94@nawen.cn'),(359,'刘淑华','甘肃省沈阳市涪城尹路w座 801902','13785151612','liangjing@gmail.com'),(360,'杨健','新疆维吾尔自治区莉县山亭邯郸街c座 834507','18070406987','fang19@mingtian.cn'),(361,'龙彬','重庆市宇市沈河长沙街p座 925214','13121803203','guiying46@lijing.cn'),(362,'吕勇','海南省燕县沙湾哈尔滨路S座 105208','13124525499','leiyong@gmail.com'),(363,'陈燕','河北省香港县东城柳州街a座 881233','15545361555','qintao@junfang.cn'),(364,'王琳','澳门特别行政区建国市江北福州街I座 462653','13271166348','litian@me.cn'),(365,'向瑞','浙江省昆明县闵行成都路N座 956579','13701287540','yinchao@wei.cn'),(366,'阚娜','福建省嘉禾县合川海门路F座 862011','18026417341','gaona@yahoo.com'),(367,'李桂花','辽宁省丹市高港米街e座 252000','15821503748','gang44@gmail.com'),(368,'吴丽','天津市鑫县城北梧州街T座 786250','18509646054','chaotian@yahoo.com'),(369,'张秀芳','辽宁省哈尔滨县清城太原路N座 515908','15192137479','gufang@gmail.com'),(370,'高桂芳','浙江省兵市高港胡路n座 610294','13099467199','guiying15@yongming.cn'),(371,'崔秀英','广东省丽丽市浔阳大冶路u座 454512','15396460426','jinjun@gmail.com'),(372,'胡飞','辽宁省呼和浩特市六枝特谢路E座 448556','13485428008','xxie@li.cn'),(373,'萧建国','台湾省欣县静安六盘水街b座 501537','14732070124','ngao@gmail.com'),(374,'蔡秀兰','吉林省太原县海陵张路I座 327953','18107301020','juanxiang@hotmail.com'),(375,'谢玉英','重庆市桂芝市华龙银川街G座 541153','15760610916','caiping@hotmail.com'),(376,'梁丽娟','吉林省西宁市牧野刘街K座 314142','13150201023','xiuyingyi@fangwen.cn'),(377,'许楠','上海市石家庄县长寿兰州街y座 830243','13728079283','jingzeng@yahoo.com'),(378,'王波','吉林省成都市安次海口街W座 519516','13255617310','yan20@jingliao.cn'),(379,'刘洁','贵州省刚县花溪李路n座 411793','18905986658','chao79@suzhu.cn'),(380,'王坤','黑龙江省呼和浩特县璧山田路F座 587349','18772353625','juankang@pingshao.cn'),(381,'蒲淑华','甘肃省海口县城东通辽路U座 623097','13835679033','jinghuang@gmail.com'),(382,'何桂花','江西省勇县黄浦王路X座 997558','13125802109','chao21@hotmail.com'),(383,'邱琳','青海省英县和平六盘水路E座 655773','13578760360','qiaoxiuying@leiguiying.net'),(384,'龙岩','台湾省雪梅市城北李路v座 946097','18974444612','uzhou@duangong.cn'),(385,'李桂英','湖南省海门县清浦杨街i座 954013','18786544317','xiangli@83.cn'),(386,'王萍','台湾省兴城市龙潭哈尔滨路s座 546486','15525087999','qintao@hotmail.com'),(387,'王晨','陕西省淮安市怀柔邹路A座 674494','15978306269','yangguiying@wei.cn'),(388,'罗春梅','山西省北镇市清城南京街K座 793938','13086189529','liujie@leitao.cn'),(389,'骆阳','海南省琴市海陵重庆街Z座 829169','15162481390','rhan@88.cn'),(390,'唐亮','山西省志强县涪城太原路M座 757422','18134175876','lihan@hotmail.com'),(391,'陈涛','四川省桂英市华龙陈路d座 108407','13668300171','minggao@xiuyingyang.cn'),(392,'毕东','吉林省台北市高明朱路H座 770029','13554372006','lijiang@gmail.com'),(393,'陈娜','上海市辉县兴山赵路s座 616755','18625233978','qiuguiying@gmail.com'),(394,'曹芳','宁夏回族自治区惠州县高港哈尔滨路X座 702774','13485432113','yaowei@94.cn'),(395,'李畅','陕西省浩市平山乌鲁木齐路c座 278027','15719875816','yong60@hotmail.com'),(396,'潘华','吉林省深圳市普陀李路T座 854005','15006837221','shijing@gang.cn'),(397,'刘玉华','青海省萍县山亭赵路z座 722487','18258739310','jieyu@li.cn'),(398,'赵雷','山西省乌鲁木齐市花溪西宁路e座 327466','18008513762','guiying67@yao.com'),(399,'何丹','内蒙古自治区兴城市徐汇唐街t座 240627','15897023579','mingzhao@ov.cn'),(400,'李建华','辽宁省荆门市和平关岭路G座 133217','13403523822','juncai@zhong.cn'),(401,'马冬梅','宁夏回族自治区六安县锡山纪路l座 170891','14500785429','xia15@cheng.cn'),(402,'孙桂兰','内蒙古自治区梅市门头沟广州路l座 844443','14555604554','yang23@ping.cn'),(403,'金海燕','青海省关岭市普陀西安街z座 716144','15106778709','luxiulan@gmail.com'),(404,'童畅','河北省华市海陵郑街X座 230999','15840932314','duanyang@hotmail.com'),(405,'田洋','四川省芳县双滦赵街l座 911724','18682697543','vhao@18.cn'),(406,'庞春梅','天津市太原县房山方街j座 509396','18182312195','lwan@93.cn'),(407,'郜玉梅','贵州省巢湖市璧山宁德街I座 517912','15636673762','qianming@yahoo.com'),(408,'王华','浙江省郑州市牧野合山街F座 374411','13618889249','caoyan@hotmail.com'),(409,'杨璐','新疆维吾尔自治区长春市闵行阳街S座 455064','13984237367','jkong@yanliao.cn'),(410,'尹玉华','湖北省上海市海港银川街w座 515843','13142466942','leicui@li.cn'),(411,'张莉','重庆市丽丽市城东关岭街n座 425504','13700494828','xia31@07.net'),(412,'陈璐','青海省岩县徐汇朱街k座 503526','13477758737','vdeng@jingzhou.cn'),(413,'黄秀英','新疆维吾尔自治区建平县淄川柳州街w座 597364','18108923692','mqiao@guiyingyong.cn'),(414,'柯平','云南省阜新市南溪海门路e座 630413','15646676686','chao37@tangwang.cn'),(415,'杨娟','甘肃省拉萨县沙湾凌街j座 830889','18966864906','ping89@hotmail.com'),(416,'吴倩','重庆市昆明县山亭汕尾街w座 898889','14524489954','gangding@95.cn'),(417,'杨浩','吉林省呼和浩特市崇文深圳街V座 920031','18578971072','nasu@qiangchen.cn'),(418,'周淑兰','浙江省阳县秀英郭路P座 347665','18181923381','ldai@yahoo.com'),(419,'芦冬梅','广西壮族自治区春梅县大东兴城街J座 413561','15083901374','yanyao@yahoo.com'),(420,'孙鑫','澳门特别行政区文市平山深圳路v座 241158','15859104289','jie13@hotmail.com'),(421,'杨琳','广东省合肥县海陵北京街z座 341192','15776735001','hcai@yahoo.com'),(422,'刘秀珍','江西省晨县海陵东莞路r座 890328','15865275872','zhuli@gmail.com'),(423,'余洋','上海市通辽县海港张街y座 210981','18076071099','min47@hotmail.com'),(424,'安冬梅','台湾省天津县永川梁街e座 412704','14543636330','rhao@bai.cn'),(425,'张秀华','黑龙江省通辽县兴山南京街X座 611914','18206577583','zhoujie@yahoo.com'),(426,'李勇','四川省云县龙潭惠州路e座 327447','13030887786','qiaotao@yahoo.com'),(427,'窦玉兰','福建省潜江市南溪郭街z座 321224','13724639588','na22@hotmail.com'),(428,'陈莹','内蒙古自治区岩市秀英李路O座 732605','15983318357','chaoguo@taoxiang.com'),(429,'王淑英','陕西省洁市永川武汉路x座 979278','13450453035','yan14@hotmail.com'),(430,'张婷','浙江省六盘水市长寿张街y座 271004','14763741532','tzeng@weisu.cn'),(431,'张飞','河南省银川市清河贵阳街j座 618785','13564550555','jie56@qiang.cn'),(432,'王杰','辽宁省建平县西峰孙路B座 158837','14714709869','yang92@hotmail.com'),(433,'罗桂珍','湖北省帅县萧山郭街o座 539022','18106756930','shifang@gmail.com'),(434,'方桂英','青海省上海县南长宋路Y座 771951','13351616235','xiulan51@xiuyingli.net'),(435,'谭帅','台湾省合山县滨城马鞍山路D座 646858','13545084256','sxiong@long.net'),(436,'黄玉','上海市六盘水县清城柳州路r座 769450','18040305560','wei33@26.cn'),(437,'叶秀珍','四川省小红市双滦阎街A座 399240','14589646524','bqin@hotmail.com'),(438,'季涛','海南省马鞍山县门头沟李街x座 731718','15333576247','shenxia@yahoo.com'),(439,'王萍','青海省梧州县双滦黄路d座 329470','13169039709','li50@hotmail.com'),(440,'柴红梅','西藏自治区海口县静安郑路O座 785262','13868487333','fangmo@zou.net'),(441,'杨淑兰','四川省天津县花溪王路g座 991846','18881017454','guiyingwan@gmail.com'),(442,'宋桂荣','山西省澳门县合川傅路s座 672461','15128345136','xiashao@yahoo.com'),(443,'陈红梅','青海省秀英市怀柔罗街A座 184600','15994038427','mwen@ry.cn'),(444,'李旭','青海省北镇市永川台北路o座 565058','14570814716','junshen@bai.cn'),(445,'孙建平','内蒙古自治区成都县永川杨街O座 684230','13034048650','yyang@gmail.com'),(446,'金欣','西藏自治区辽阳市淄川邢路Q座 401338','13344404965','minhe@yongjun.cn'),(447,'谢娟','西藏自治区合肥县蓟州赵路A座 309627','18523916197','juanliu@xianglai.cn'),(448,'刘莹','辽宁省石家庄县大兴周路M座 576000','18117881848','twang@jingguo.cn'),(449,'喻璐','新疆维吾尔自治区拉萨市新城大冶路f座 823291','13341801612','jing03@gmail.com'),(450,'周金凤','西藏自治区丽丽市新城傅街W座 825774','15191800850','dzheng@xiongluo.cn'),(451,'王婷','广西壮族自治区俊县六枝特合肥街u座 470640','18584641586','yan79@yanxia.cn'),(452,'张桂荣','西藏自治区乌鲁木齐市新城马街S座 526442','15651763004','lei29@min.org'),(453,'郑燕','山西省强县涪城沈街o座 224446','13608376973','jun35@yahoo.com'),(454,'张荣','浙江省柳州县沈河上海路t座 344086','18847167170','qiangqiao@hotmail.com'),(455,'陈淑珍','湖北省重庆市南湖荆门路J座 763335','18780609931','weiwu@yahoo.com'),(456,'林佳','青海省洋县翔安北镇街F座 192417','18549248482','kqiao@hotmail.com'),(457,'平桂珍','青海省彬市上街乌鲁木齐路q座 935730','18668332148','li07@shaowan.cn'),(458,'孙桂花','台湾省璐县兴山合山路Q座 902059','13392032445','minglai@92.cn'),(459,'徐凤英','辽宁省建军县朝阳巢湖街K座 772047','15277115114','dhe@gangfan.cn'),(460,'李健','河北省北镇市魏都李路S座 574514','13943247450','gangqiu@xw.org'),(461,'赵莉','辽宁省沈阳县白云佛山街i座 754000','18757528867','juankong@yahoo.com'),(462,'赵玲','新疆维吾尔自治区贵阳县吉区王街C座 763427','13176421661','pengmin@yahoo.com'),(463,'张东','海南省丹市海港陈街A座 698101','18084585688','ming93@dingqian.cn'),(464,'李红梅','山西省玉珍县城北潮州路L座 238499','13781093779','yang09@yahoo.com'),(465,'贺磊','辽宁省文县门头沟郑路N座 823424','13899157174','fang12@yahoo.com'),(466,'程兰英','香港特别行政区哈尔滨县海陵拉萨街T座 732656','13632025620','eduan@99.cn'),(467,'萧鑫','黑龙江省建平县梁平南宁路M座 470740','13935766613','ejiang@hotmail.com'),(468,'薛坤','澳门特别行政区婷婷县朝阳杨街E座 979469','18892715655','yuanqiang@hotmail.com'),(469,'王宇','陕西省合肥市西峰荆门街C座 457733','18896558041','chao13@hotmail.com'),(470,'朱冬梅','四川省太原市友好徐街c座 321773','18653752508','nali@qiang.cn'),(471,'陈超','天津市彬市魏都澳门街K座 373260','13989860584','liaomin@cai.org'),(472,'侯建国','宁夏回族自治区沈阳市清浦昆明路A座 291429','18946763297','xia06@caolai.com'),(473,'黄莉','吉林省沈阳县江北郑州街C座 708130','14559431385','dinggang@lei.cn'),(474,'娄雪梅','湖北省桂英县海陵陈路g座 854740','18643165696','xiuyingsu@mingcai.cn'),(475,'尹楠','宁夏回族自治区洋市房山殷街G座 782347','14590071233','xia57@hotmail.com'),(476,'万琴','湖南省彬市璧山章街g座 267733','18945078239','gangwei@hotmail.com'),(477,'王建华','广东省张家港市吉区六盘水路M座 153648','18125395946','utang@nz.cn'),(478,'梁海燕','湖南省佛山市梁平嘉禾街P座 670061','13765462945','jie05@yahoo.com'),(479,'郭强','辽宁省巢湖县秀英郭街U座 391603','15845649630','jiemeng@cn.cn'),(480,'龙婷婷','辽宁省呼和浩特市南溪农街p座 686924','18065727533','yangguo@houliao.cn'),(481,'潘建','重庆市荣县双滦通辽路F座 335036','15570780215','jmao@hotmail.com'),(482,'张华','浙江省玉华县清浦东莞路j座 435647','15920106596','na04@yahoo.com'),(483,'王飞','内蒙古自治区颖县浔阳田街f座 985598','18261835157','renming@yanjie.cn'),(484,'郑静','陕西省海燕市六枝特兴安盟街q座 888333','15182877649','jiecao@yahoo.com'),(485,'杨淑兰','四川省桂芳市东丽蔡路N座 975781','18984961042','bzhu@qiangfang.cn'),(486,'王兰英','湖南省通辽县城东杨街j座 237043','13497735932','xiulanzhu@jin.cn'),(487,'王想','甘肃省桂珍市龙潭淮安街c座 991398','15200209183','uhao@hotmail.com'),(488,'李琳','江西省哈尔滨县新城重庆街a座 252079','15705449970','fangwu@gmail.com'),(489,'黄柳','北京市丹丹县和平吴路g座 285482','13989121926','oyin@gmail.com'),(490,'刘英','山西省成都县房山邯郸街D座 976258','15920519212','fangtian@fangna.com'),(491,'宋雪','湖南省乌鲁木齐市萧山吴路C座 943978','13410617790','yanlei@kang.cn'),(492,'张晶','甘肃省潮州市清城梧州路N座 850120','15743811642','xiulan75@guiyingsong.cn'),(493,'许宇','新疆维吾尔自治区宜都县西峰兴城路g座 934480','13464662694','xiulanhao@xia.org'),(494,'田娜','山西省北镇县蓟州长春路M座 117936','13632647963','jing43@ming.net'),(495,'徐婷','浙江省丽华市城北宋路P座 997922','13301370834','vcai@hotmail.com'),(496,'柳红霞','云南省郑州市静安西安路q座 998661','15979606533','vzhao@hotmail.com'),(497,'张彬','新疆维吾尔自治区武汉市滨城韩路M座 335729','13149462164','yuanjuan@zhengpeng.cn'),(498,'涂强','海南省上海县沙湾呼和浩特路a座 789510','15228115807','yaotao@yahoo.com'),(499,'彭博','宁夏回族自治区邯郸市合川石家庄路W座 450762','14519274364','fang52@junyan.cn'),(500,'张杰','福建省惠州县孝南简街U座 974280','14531397485','ghan@33.cn'),(501,'刘浩','西藏自治区潜江市丰都澳门路P座 468082','13799204065','qiuxiuying@mingxie.cn'),(502,'叶婷婷','甘肃省倩市高明沈阳路g座 912502','15537978043','wei87@lina.cn'),(503,'苏旭','河北省楠市沈北新银川路L座 817287','13625691250','min02@97.cn'),(504,'张秀兰','河北省汕尾县朝阳长春路p座 271568','18917893422','yina@yahoo.com'),(505,'顾小红','广西壮族自治区桂荣市梁平苏路c座 481588','15993768497','leixiong@xiuyingjuan.cn'),(506,'郭荣','北京市雪梅县高坪大冶路Y座 710921','18594760173','ezhao@gmail.com'),(507,'李秀梅','河北省宜都县闵行左路v座 891437','18765262184','weidu@hotmail.com'),(508,'刘志强','甘肃省大冶市海港南宁街X座 616714','18088124327','xiulanhan@15.cn'),(509,'涂桂香','河北省长沙县孝南重庆街e座 849259','18978903755','jielong@gmail.com'),(510,'黄玉华','云南省重庆市梁平深圳街z座 148893','14571355674','fang45@gmail.com'),(511,'陈娟','辽宁省太原市牧野上海路X座 102064','13891750081','yinyang@28.cn'),(512,'朱慧','安徽省龙市兴山柏路z座 592902','15935430561','leixue@yahoo.com'),(513,'陈欣','辽宁省淑英市清河鞠路w座 375728','15174722876','wei35@gmail.com'),(514,'马玉英','吉林省兵县新城周街P座 469446','13222638004','ming23@jingzhang.cn'),(515,'颜秀芳','甘肃省冬梅市新城乌鲁木齐路p座 665540','15540739146','zhuxiuying@yahoo.com'),(516,'叶淑兰','广东省马鞍山市兴山太原路e座 788924','18505773003','jinghuang@guiying.cn'),(517,'王想','青海省合山市牧野陈街p座 544173','15797960791','jtian@lu.cn'),(518,'蒋颖','天津市小红县静安北镇路q座 922825','13677718202','juncao@yanjie.cn'),(519,'张明','四川省阜新县沈北新王路f座 757258','13537719505','lijin@hotmail.com'),(520,'余金凤','甘肃省南昌市新城郑路d座 506258','18799819895','nalin@yahoo.com'),(521,'何桂芳','澳门特别行政区杭州县花溪罗街W座 478499','13463325658','guiyingwu@guiyingdong.cn'),(522,'齐文','青海省宁德市高坪陈街x座 963798','15033363069','yangyong@yahoo.com'),(523,'周桂芝','新疆维吾尔自治区娟县淄川赵路H座 196506','13688759733','heming@yahoo.com'),(524,'林玉华','青海省东莞县永川侯街Q座 515009','18293341555','jxu@yahoo.com'),(525,'廖瑜','澳门特别行政区阜新市璧山田路E座 852683','18608270136','dzheng@min.cn'),(526,'李欢','新疆维吾尔自治区雪县金平大冶路j座 252672','14578106279','jie71@minggong.cn'),(527,'宋晶','宁夏回族自治区瑜县牧野余路n座 962210','18975666182','fanping@yahoo.com'),(528,'邱杨','甘肃省西宁市大兴王路B座 113891','14578838734','jingzheng@fu.cn'),(529,'安晶','甘肃省伟市双滦任街y座 593813','14536620792','pingdong@yahoo.com'),(530,'潘淑华','河北省丹丹县山亭陈街U座 891704','13490188994','azhao@gmail.com'),(531,'景刚','青海省琴市沙湾金街C座 474531','18269752707','gtian@qinyang.cn'),(532,'唐秀梅','湖北省柳州县高坪张路e座 507138','15887207784','yang07@yanxia.org'),(533,'李秀华','甘肃省丹县长寿黄路K座 644593','15010559785','hfang@yahoo.com'),(534,'王柳','广西壮族自治区海口市兴山晋街a座 998868','15914214254','tao22@13.cn'),(535,'冯颖','海南省建县崇文刘路Q座 893305','15250219877','pingmao@gmail.com'),(536,'吴斌','内蒙古自治区华县城北艾路m座 514192','18153226190','guiying96@zhaoyin.cn'),(537,'石凯','黑龙江省婷县沈北新北镇路m座 457638','15994228071','na98@xiuyingna.cn'),(538,'林慧','河南省太原市上街涂路G座 933918','13933905934','yimin@hotmail.com'),(539,'陈璐','青海省冬梅县花溪刘街O座 115820','18098588562','ming46@fang.cn'),(540,'喻娜','山西省荆门县静安华街t座 509810','18774012641','fangzhang@yahoo.com'),(541,'刘鹏','贵州省淮安市南溪长沙路R座 610208','13725055663','ming79@yahoo.com'),(542,'何成','上海市兴安盟市江北马鞍山路s座 845626','15530370558','hanping@yahoo.com'),(543,'萧明','江西省雪梅市高坪孙路w座 373206','15309530537','renna@pingwei.cn'),(544,'龚丽华','陕西省香港市高港李路h座 431073','15623107995','jieyin@gmail.com'),(545,'林英','台湾省哈尔滨市长寿鞠路y座 963847','13012693024','na99@yahoo.com'),(546,'陈丽华','黑龙江省勇县平山福州街g座 523400','15964171925','na04@yanggang.cn'),(547,'鞠春梅','浙江省桂芳县锡山澳门街u座 861266','14519670594','gangkang@yahoo.com'),(548,'曹帆','湖北省西安市海陵西安路r座 181164','18164739077','sunxiulan@pingyan.net'),(549,'李颖','河南省福州县永川郑州街W座 952708','18093958806','ming99@hanlai.cn'),(550,'吴鑫','安徽省宇市徐汇大冶街H座 577411','13860955913','minghuang@gmail.com'),(551,'叶丽丽','天津市宁德市永川沈阳路x座 491922','15969128639','junzeng@hotmail.com'),(552,'温想','黑龙江省乌鲁木齐县南溪巢湖路n座 633709','13970388713','jgong@yahoo.com'),(553,'胡芳','青海省琴市华龙阮路Q座 358031','13324056921','adeng@yahoo.com'),(554,'吴欣','安徽省太原市崇文香港街i座 390574','15860274927','guiying48@hotmail.com'),(555,'郎建','广东省帅市翔安李街g座 302065','15739979256','mingyan@gmail.com'),(556,'陈娟','上海市兵县永川金街O座 797433','13010628176','ewu@hotmail.com'),(557,'刘丽丽','河南省邯郸县华龙刘街s座 150497','13627710713','wuli@ding.net'),(558,'张淑兰','黑龙江省兰州县上街南宁街r座 216362','15308193689','xia10@73.cn'),(559,'刘龙','贵州省海口市门头沟宁德街D座 410866','18985256479','xiulan42@hotmail.com'),(560,'胡宁','广东省凯县花溪李路U座 457534','15003877969','yang92@chengye.org'),(561,'刘秀珍','天津市太原市南溪宜都路y座 761358','18107586337','chengjun@jin.cn'),(562,'王秀梅','上海市南昌市沙市王路e座 690992','15044424754','fang41@rh.cn'),(563,'杨阳','河北省北镇县友好台北街f座 191021','13402278324','sujie@hotmail.com'),(564,'王淑英','上海市关岭市魏都太原街c座 794003','15712246809','na21@02.cn'),(565,'刘雪梅','海南省丽丽县丰都沈阳街l座 779984','14776800374','shifang@hotmail.com'),(566,'杨浩','北京市北镇市萧山陈路E座 639863','18832778030','wenfang@gmail.com'),(567,'陈凯','澳门特别行政区合山县高坪蒋路b座 748702','18715532769','guiying35@hotmail.com'),(568,'赵健','广东省深圳县孝南香港路R座 256401','18505739538','jieyin@yahoo.com'),(569,'刘桂英','黑龙江省沈阳县南长重庆路E座 822965','13354978129','cxia@yahoo.com'),(570,'柴超','重庆市嘉禾市房山扈街z座 470985','13763520195','shaowei@long.com'),(571,'蒋文','浙江省利县沈河王街W座 814814','15193376917','zhongna@hotmail.com'),(572,'王斌','宁夏回族自治区梧州县西峰彭路Z座 906135','18034219488','ganglai@chao.cn'),(573,'范柳','北京市颖市永川杭州路p座 864254','15180393862','weisu@jiewei.cn'),(574,'刘宁','浙江省刚市高港罗街S座 368054','18524625157','yanfeng@sun.cn'),(575,'张洁','浙江省太原市清河兴城街O座 444451','13473569625','mfan@guiyingyan.cn'),(576,'李英','广东省邯郸市花溪杨街f座 912514','18758044457','min99@ren.cn'),(577,'张晨','陕西省辽阳县大兴张街R座 365468','13345841964','gzheng@hotmail.com'),(578,'吕瑜','辽宁省琴县清城殷路W座 786644','18738823442','fang55@xieguo.cn'),(579,'侯芳','河南省沈阳市崇文吴街J座 267753','18759999438','ashi@gmail.com'),(580,'孙丽','西藏自治区浩市崇文天津路C座 658227','18632316710','min69@hotmail.com'),(581,'姜鑫','湖南省合山县沙市祁路m座 743060','18817676019','luxiulan@yahoo.com'),(582,'杜丹丹','湖北省石家庄市朝阳沈阳路u座 851467','18824001899','houjie@yahoo.com'),(583,'何云','天津市小红市秀英郑街Z座 662387','15316795255','haoxiulan@ren.cn'),(584,'蒋红','广东省帆市东丽贵阳路w座 595598','15272888852','gzheng@yong.net'),(585,'刘岩','湖南省俊县白云陈路w座 777042','18536411860','xiangjie@qg.cn'),(586,'刘娜','新疆维吾尔自治区合肥市南湖哈尔滨街l座 763835','18179250977','xiulanxie@yahoo.com'),(587,'吉淑英','福建省桂芳市山亭陈街B座 648988','13575704776','maxiulan@hotmail.com'),(588,'张桂兰','浙江省潜江市高港兴城路v座 245428','13248144069','shenguiying@fan.cn'),(589,'李海燕','青海省瑜市金平重庆街q座 684298','18774528645','odai@yongfang.cn'),(590,'李阳','河南省淮安市魏都李路H座 835488','13082887173','jie06@yahoo.com'),(591,'崔秀云','澳门特别行政区沈阳县静安台北路o座 778441','18774522341','yanxie@yahoo.com'),(592,'王丽娟','福建省西宁县永川张街n座 660792','18980173235','tao01@junjing.com'),(593,'曹强','广东省志强市高明合肥路M座 608187','13652943127','mshao@hotmail.com'),(594,'李丽华','安徽省佳市高港张路g座 691460','18012797449','pingzhu@yahoo.com'),(595,'覃凯','浙江省志强市海港邯郸路w座 961442','18530312712','zhaona@yahoo.com'),(596,'廖小红','北京市沈阳县长寿长沙路F座 983239','13909412444','lei91@wei.cn'),(597,'皮鹏','香港特别行政区佛山市江北重庆街o座 409137','15106065973','ghu@gmail.com'),(598,'黄璐','江苏省建县丰都彭街t座 536402','13599809412','zxu@yahoo.com'),(599,'张桂花','宁夏回族自治区长沙市双滦孙街m座 392401','15573529978','rmeng@yahoo.com'),(600,'鞠冬梅','上海市淑珍市孝南梁路c座 769718','15321575795','yang76@jingcui.org'),(601,'覃洁','广西壮族自治区淑兰市闵行蔺路P座 818207','18281958321','jundong@fangping.cn'),(602,'李静','西藏自治区郑州县东丽辛街x座 213936','18975029434','zhu@gmail.com'),(603,'张红','台湾省上海市江北贾路g座 497830','15198600870','qiang43@hotmail.com'),(604,'安秀梅','广西壮族自治区兴城县清河由街S座 521408','18101371477','qianjuan@kong.cn'),(605,'刘欢','江西省成县大东胡街j座 267911','13610747499','chao71@yahoo.com'),(606,'汪金凤','山西省哈尔滨县梁平哈尔滨街Q座 530065','18255376995','na70@gmail.com'),(607,'袁倩','台湾省瑜市永川武汉路m座 558147','15694029963','bxiang@yahoo.com'),(608,'杜桂荣','吉林省凤兰县牧野齐齐哈尔路d座 444787','13543572746','xiuying39@34.cn'),(609,'黄娜','河南省兰英县浔阳吴路W座 653877','18805402504','juan62@qin.cn'),(610,'陈婷','香港特别行政区玉珍市朝阳乌鲁木齐路J座 100028','13074233228','juanqiao@guiying.net'),(611,'汪海燕','安徽省东莞县江北沈街r座 110567','13888404763','xiadeng@gang.net'),(612,'杨秀华','新疆维吾尔自治区建军县朝阳通辽街k座 897718','15969669926','tangjuan@jun.cn'),(613,'林杨','广西壮族自治区玉市山亭杨街I座 586017','15950729747','yong13@denglei.com'),(614,'郭娟','河北省潜江县沙市张街l座 640679','13661115531','lei98@guiying.cn'),(615,'孙小红','山西省丽华市魏都太原街P座 447766','13180463237','vliao@gmail.com'),(616,'陈林','澳门特别行政区建军市清河福州路J座 439795','13238785939','agu@gmail.com'),(617,'郭萍','甘肃省深圳市白云关岭街U座 724099','13726416977','fang43@hotmail.com'),(618,'刘凤兰','山东省兵县金平东莞街i座 510588','13185834125','jing51@leichen.net'),(619,'陈荣','四川省潜江县闵行冯路v座 283261','13686118617','pqin@82.com'),(620,'王璐','台湾省丽华县普陀陈路h座 620154','13170854906','qshen@gmail.com'),(621,'宫鹏','吉林省莉市西夏武汉路i座 560529','15543575565','sunguiying@yangyu.cn'),(622,'钟兰英','山东省桂英市永川马鞍山路M座 902961','18299950661','lidong@kg.cn'),(623,'李强','吉林省邯郸市沈北新上海街w座 348856','18505363468','jie27@yahoo.com'),(624,'赵丽华','江西省梧州县沙湾南京路q座 281787','18876669518','wei03@93.cn'),(625,'梁磊','湖北省娟市蓟州兴安盟路f座 839254','15200749441','chaomo@hotmail.com'),(626,'张云','四川省波县丰都姚路b座 633988','14508983166','yongxiong@wc.cn'),(627,'黄华','黑龙江省荣县徐汇西宁路M座 339906','13362408063','guotao@xia.cn'),(628,'侯秀英','台湾省佳市南溪银川路s座 720857','18118412562','xiuyingliao@yahoo.com'),(629,'陈楠','安徽省西安县沈河齐齐哈尔路X座 256152','14571797776','na13@ut.cn'),(630,'舒雷','四川省海燕县安次六安路g座 607503','13788172003','fang82@yahoo.com'),(631,'郑冬梅','宁夏回族自治区太原县高坪银川街C座 471993','13897675739','qiang63@yahoo.com'),(632,'黄岩','湖南省昆明市静安邓路F座 825916','18059134233','ping55@qiangluo.cn'),(633,'张涛','上海市台北县金平上海路P座 340259','13287712518','xugang@cp.com'),(634,'刘欢','广东省秀兰市蓟州哈尔滨街T座 144093','15563403901','chao14@hotmail.com'),(635,'刘斌','广东省凯市沙市宁德街I座 747640','18936255930','xiawu@wx.cn'),(636,'唐楠','重庆市艳市高坪西安路O座 135601','13806893102','jun68@hotmail.com'),(637,'周桂花','湖南省宜都市徐汇吴路o座 840666','18718392231','vxu@66.cn'),(638,'李勇','福建省梅县龙潭徐街O座 462759','13962936460','xieli@ru.cn'),(639,'倪凤兰','陕西省呼和浩特市沙湾徐街L座 120025','13713891319','wzheng@yahoo.com'),(640,'张秀芳','辽宁省辛集县涪城海门街A座 243718','13068815289','sxie@hotmail.com'),(641,'林瑜','上海市刚市东丽张街s座 470345','13635850794','yongren@gmail.com'),(642,'郭彬','甘肃省澳门县东城乌鲁木齐路Q座 581334','13012640707','pingwei@67.cn'),(643,'廉丽娟','北京市阜新市东丽曲街M座 144033','14574898813','lei78@hotmail.com'),(644,'许淑珍','香港特别行政区香港县门头沟朱街i座 263005','14530596320','yangtan@yan.cn'),(645,'刘璐','黑龙江省丽华市滨城邓路y座 198399','15520186905','fufang@97.cn'),(646,'唐杨','重庆市淑兰县南湖合肥街j座 631863','13052501476','yonghao@30.cn'),(647,'方宁','江西省颖县新城哈尔滨街o座 155603','18228801758','bdeng@hotmail.com'),(648,'甘兰英','安徽省丹县东城李街i座 264323','13855594368','chao41@hotmail.com'),(649,'李红','重庆市沈阳市淄川阜新街j座 924718','13021875256','hgao@gang.cn'),(650,'汤辉','江苏省秀荣县清城昆明路p座 944880','18597509487','min89@yahoo.com'),(651,'傅红梅','内蒙古自治区鹏县南溪赵路m座 749492','13526872372','na07@ping.cn'),(652,'王宁','西藏自治区长春市蓟州荆门路g座 929062','15960117702','longxiuying@hotmail.com'),(653,'董凯','山东省帆市城北郭街n座 487724','15282680879','juanlai@gmail.com'),(654,'金慧','新疆维吾尔自治区辽阳县沈河孙路d座 924261','13690245707','jingsun@fang.cn'),(655,'王慧','台湾省潜江县花溪周街t座 949091','13452955757','tli@hotmail.com'),(656,'罗建军','海南省潜江市浔阳哈尔滨路v座 947609','15082060342','yongzhao@chao.com'),(657,'苏荣','辽宁省宇县吉区乌鲁木齐路D座 652185','18769500892','guiying00@yangong.cn'),(658,'黄凯','四川省昆明市海港深圳街d座 752491','18890758093','fangsong@yongfang.cn'),(659,'梁晶','山西省福州县黄浦天津街V座 591238','18066215899','qiang27@21.cn'),(660,'胡涛','重庆市旭市龙潭邯郸路h座 974075','14714101345','gongfang@yahoo.com'),(661,'吴波','福建省马鞍山市黄浦萧路l座 595548','13269207897','jun62@yahoo.com'),(662,'王燕','上海市长春市浔阳阜新街c座 804620','13343424049','chaolu@xiulan.cn'),(663,'王想','黑龙江省贵阳市门头沟南宁路T座 522370','15757601266','jie83@liukang.cn'),(664,'田亮','西藏自治区敏市丰都梧州路b座 821526','13530984933','lei52@chaoxiulan.net'),(665,'朱利','青海省兰州市南长辛集路u座 441227','13949957538','cyuan@hotmail.com'),(666,'蒋建','浙江省丽市牧野台北街a座 966817','14551153870','baiqiang@gmail.com'),(667,'魏桂芳','福建省佛山市孝南兴城街Y座 465052','15337050890','ssu@hotmail.com'),(668,'韩艳','浙江省瑞市长寿通辽街m座 139485','13034156945','fang84@juan.cn'),(669,'罗秀荣','江苏省兴城县高坪辛集街F座 853849','18644292481','lei99@xiuyingjie.cn'),(670,'刘玉珍','福建省兰英县江北王路Q座 691769','15900791881','juan47@husong.cn'),(671,'唐淑英','北京市瑞市永川危街h座 257414','18650894685','jing79@hotmail.com'),(672,'蔡鑫','江苏省兴城市和平北镇路h座 582131','15829778857','axiong@gmail.com'),(673,'武芳','海南省杭州县金平沈阳路C座 591221','13793216458','jun74@hotmail.com'),(674,'刘斌','四川省太原县金平南昌街g座 110899','14757700117','minhou@gmail.com'),(675,'李建华','青海省涛市高港宜都路Q座 382556','14551264224','juan72@hotmail.com'),(676,'甘瑞','山西省长沙市大东沈阳街F座 169732','15526981554','caichao@yahoo.com'),(677,'庄娜','福建省沈阳县永川潘路D座 164050','18622634846','vxiao@yahoo.com'),(678,'王红','内蒙古自治区银川市海港冯路H座 863454','15750972720','ojiang@wn.cn'),(679,'吴利','上海市哈尔滨市沙湾何路P座 293868','14735999109','guiying58@gmail.com'),(680,'杨林','河北省沈阳县新城韩街e座 295974','13236221583','minren@yahoo.com'),(681,'曲建军','山西省娜县白云武汉路D座 115844','18737295749','chao25@pingyong.cn'),(682,'薛秀华','黑龙江省坤市崇文刘街b座 683770','18750558029','daixiulan@no.cn'),(683,'吴磊','浙江省秀珍市新城张路Y座 205723','18909654575','jinglei@gmail.com'),(684,'李利','广东省东莞县清河高街n座 691018','13685620585','jingren@yahoo.com'),(685,'夏坤','四川省汕尾市江北颜街H座 502352','15007835046','yaoxiuying@pingwei.cn'),(686,'钱岩','重庆市帅县高明南京街L座 243373','13065010001','lizhang@gangxiulan.cn'),(687,'王宁','宁夏回族自治区秀兰县淄川夏街a座 881943','18644833843','zhangxiuying@na.net'),(688,'刘建国','广西壮族自治区杭州市吉区梁街t座 353441','13477057454','yang95@chao.net'),(689,'吕桂香','黑龙江省桂芝县龙潭郑路X座 571168','15052555966','naliang@jieqin.cn'),(690,'龙玉','青海省金凤市沙湾海门街Q座 260075','15360772801','hanxiuying@hotmail.com'),(691,'袁兵','河南省合肥县沙市杨路A座 181932','13424133300','kangxiuying@yangyang.cn'),(692,'严阳','新疆维吾尔自治区嘉禾市高坪刘路K座 533145','13526908032','xuping@dengqian.cn'),(693,'朱强','香港特别行政区海门县璧山帅路K座 318749','15380282635','vhao@gmail.com'),(694,'王桂珍','浙江省沈阳县上街上海街U座 428117','18789070522','chao60@pingxia.cn'),(695,'阎晨','黑龙江省拉萨市孝南邰路Q座 594435','15169091786','smeng@72.cn'),(696,'张燕','云南省通辽县黄浦孔街m座 912746','18666986561','jingsong@weixiulan.cn'),(697,'邓晶','青海省利市沙市张家港街g座 736313','15107124949','yaojuan@yanwei.cn'),(698,'高军','福建省荆门县朝阳杨路x座 672437','15847685259','jiangyan@fangjun.cn'),(699,'蒋欢','海南省长春县涪城辽阳路a座 305140','15226971591','cwei@yr.cn'),(700,'郑宁','台湾省晶县西峰罗街L座 419162','13181832132','uwang@fangli.cn'),(701,'孙英','福建省慧市黄浦贵阳街Y座 564244','18193520545','min94@yahoo.com'),(702,'汤凤英','广西壮族自治区秀华市城东李街v座 228583','18810749888','jcui@yahoo.com'),(703,'李秀兰','北京市玉华市长寿深圳街G座 159309','13106300759','xye@yahoo.com'),(704,'张浩','江苏省丽华市安次昆明路y座 945496','13556429653','yanluo@56.cn'),(705,'陆兵','贵州省红市朝阳张街s座 728046','15922444028','ychang@yahoo.com'),(706,'赵丽','贵州省惠州县涪城宜都街f座 823445','15849763521','yan45@mm.cn'),(707,'班健','云南省建县秀英杨路A座 224900','18297974938','yanzhou@gmail.com'),(708,'王瑞','天津市贵阳市房山刘街h座 238447','18646334968','wshao@yahoo.com'),(709,'谷凤兰','西藏自治区兰州县大东丁路p座 112842','15392024504','jing34@hotmail.com'),(710,'高建平','河北省六盘水县清浦姚路h座 880588','13269936355','leifeng@tan.cn'),(711,'梁宇','青海省岩县长寿杨街P座 322775','15848445014','jiekang@xiazheng.cn'),(712,'徐林','宁夏回族自治区峰县丰都呼和浩特街A座 623827','18766638824','gqin@hotmail.com'),(713,'王丽华','河北省嘉禾县大兴马路f座 352146','15508506986','liwei@jietang.cn'),(714,'张凤兰','辽宁省武汉市安次袁街A座 140118','18615702800','xgu@pinglai.cn'),(715,'刘畅','浙江省济南市城北南昌路P座 832464','15577617304','icao@gmail.com'),(716,'叶丹','吉林省南昌县白云陆街N座 815911','14570271018','renming@xue.cn'),(717,'李秀珍','河南省宜都市滨城台北路J座 956597','13409440521','ldong@yahoo.com'),(718,'余洁','宁夏回族自治区金凤市沙市梧州路f座 337619','18897544302','mmo@yahoo.com'),(719,'李畅','云南省秀芳市浔阳章街u座 593219','13991252154','guiyingtang@gmail.com'),(720,'彭秀华','贵州省玉市长寿卢街t座 488326','15298625192','dongqiang@hotmail.com'),(721,'李磊','河北省丽华市锡山潘路N座 860800','15968210347','weijie@zhong.cn'),(722,'杨玉梅','香港特别行政区北镇市金平天津路q座 822074','18666635343','lyang@zhouhou.cn'),(723,'邵雪梅','河南省倩县大兴哈尔滨街G座 985647','13326056606','jiedu@yahoo.com'),(724,'刘慧','上海市岩县孝南永安路N座 603867','18039345733','zengyan@hotmail.com'),(725,'任秀荣','浙江省东莞市萧山太原路E座 659730','18915187024','jieliao@67.cn'),(726,'张凯','青海省太原市高港广州街x座 360091','15688106904','klong@yitian.cn'),(727,'林帅','四川省淑兰县城东乔街t座 795254','15183235601','linwei@pingqiao.cn'),(728,'黄丽','澳门特别行政区香港市翔安栗街t座 161652','13890423175','ghao@yongfang.cn'),(729,'罗龙','海南省乌鲁木齐县白云王路m座 375771','15228742382','guiyingliu@xia.cn'),(730,'王金凤','广西壮族自治区关岭市涪城朱街Q座 640653','18695388119','xcao@tianwei.cn');
/*!40000 ALTER TABLE `customer` ENABLE KEYS */;
UNLOCK TABLES;

--
-- Table structure for table `my_user`
--

DROP TABLE IF EXISTS `my_user`;
/*!40101 SET @saved_cs_client     = @@character_set_client */;
/*!40101 SET character_set_client = utf8 */;
CREATE TABLE `my_user` (
  `user_id` int(11) NOT NULL AUTO_INCREMENT,
  `username` varchar(16) NOT NULL,
  `address` varchar(100) DEFAULT NULL,
  `phone` varchar(11) DEFAULT NULL,
  `email` varchar(60) NOT NULL,
  PRIMARY KEY (`user_id`)
) ENGINE=InnoDB AUTO_INCREMENT=1001 DEFAULT CHARSET=utf8mb4;
/*!40101 SET character_set_client = @saved_cs_client */;

--
-- Dumping data for table `my_user`
--

LOCK TABLES `my_user` WRITE;
/*!40000 ALTER TABLE `my_user` DISABLE KEYS */;
INSERT INTO `my_user` VALUES (1,'罗兰英','湖北省娟市永川巢湖街c座 299333','13209762205','zjiang@yahoo.com'),(2,'何瑞','甘肃省桂兰市海港洪路w座 659662','15072725994','rsu@hotmail.com'),(3,'陈亮','澳门特别行政区玉兰市清城海门街u座 550414','14575214301','juan57@gmail.com'),(4,'石婷','北京市瑞市清河福州街f座 491640','15039469208','xuechao@wan.cn'),(5,'赵桂花','天津市合山县大兴沈街O座 270697','14795582376','ming77@shaoye.cn'),(6,'陈欢','河南省广州县秀英周路w座 921181','13501956803','juan61@gmail.com'),(7,'曾云','安徽省琳县清浦六盘水路O座 756863','15304568776','xiuying91@69.cn'),(8,'吴红','贵州省亮市涪城石家庄路c座 592174','13037598115','sdeng@shen.cn'),(9,'高玉英','江西省哈尔滨县浔阳台北街r座 112323','13134252180','yeyan@yahoo.com'),(10,'史鑫','西藏自治区勇县牧野张路j座 257588','15244389060','xiulan41@64.cn'),(11,'李桂花','吉林省秀华县沈河阜新路M座 623725','13728391762','mingliang@16.cn'),(12,'萧杨','广西壮族自治区勇市合川蒋街g座 564093','15795092701','azhu@gmail.com'),(13,'李华','湖南省平县大东关岭路L座 421975','18226767920','jinjie@mi.cn'),(14,'黄浩','河北省兰州县沙市唐街e座 463486','18803409250','yanhu@gmail.com'),(15,'霍梅','黑龙江省北镇市海陵重庆街y座 430661','15577253169','qiangkong@hotmail.com'),(16,'黄兵','甘肃省淑华市金平刘路t座 323577','13533030084','jingyuan@chengfu.net'),(17,'蒋婷','江西省邯郸市南长张路g座 960559','15908054332','maojuan@hotmail.com'),(18,'黄秀兰','广西壮族自治区宜都县兴山海门街C座 258770','15892596344','pingyan@47.cn'),(19,'严玉兰','黑龙江省丽娟市南溪佛山街h座 436211','13134160938','xuyang@yahoo.com'),(20,'高建平','海南省英县秀英六盘水路H座 677264','18707732150','yansun@guyao.cn'),(21,'李涛','山西省琴市高港通辽路P座 312298','15947141170','sjiang@gmail.com'),(22,'张兵','新疆维吾尔自治区玉梅市滨城潜江路P座 372337','13335373968','houtao@guiyingxiuying.cn'),(23,'徐楠','河南省哈尔滨市高坪淮安路H座 368033','18706431166','qiang24@guiyingchang.org'),(24,'许玉兰','黑龙江省秀珍市高港凌街R座 635946','18913655153','caifang@hao.cn'),(25,'郭健','安徽省亮县高港李路Y座 563616','18529624254','mjia@gmail.com'),(26,'温飞','四川省广州县南湖周路f座 491914','13414364478','along@minlei.cn'),(27,'彭冬梅','湖北省北京市城东彭路U座 196488','13860333128','na52@liao.cn'),(28,'马建军','青海省军市海陵张街G座 303279','13583904049','xuxia@hotmail.com'),(29,'梁建华','云南省邯郸县滨城戴路y座 453842','18656106846','sye@nw.cn'),(30,'周斌','海南省洁市孝南海口街G座 584006','15783118043','li96@gmail.com'),(31,'吴倩','内蒙古自治区桂兰市长寿杨街C座 194873','15118162489','xiangming@gmail.com'),(32,'徐莉','河北省北镇市沈北新奚街S座 929637','14767965259','jing99@yahoo.com'),(33,'李丽华','湖北省合山县南长淮安路V座 404811','18741218411','jingxu@weideng.cn'),(34,'徐燕','安徽省兰英市友好澳门路v座 496634','15880653455','panxia@jy.cn'),(35,'张玉','云南省兴城市黄浦朱街v座 317564','18291852020','xiulan32@gmail.com'),(36,'胡莹','台湾省长沙县友好长沙路I座 528240','18782624792','ohuang@gmail.com'),(37,'彭静','台湾省南京县山亭王路Z座 912958','13685515428','ming38@57.cn'),(38,'李颖','重庆市兴安盟市永川王街L座 808197','13839310387','chenping@gmail.com'),(39,'毕颖','浙江省上海市普陀上海路j座 768394','14793875888','jieyang@yan.cn'),(40,'陈雷','山东省淑华县梁平王路D座 206160','15655072576','xiacao@minhao.cn'),(41,'李坤','天津市秀珍县大东裘街C座 545106','18071568741','ligao@hotmail.com'),(42,'周秀华','天津市博市普陀姚街j座 667046','14578558031','zhaoxiuying@wei.cn'),(43,'丁玲','黑龙江省冬梅市丰都林路p座 179062','13854230084','qiangjin@gangtan.net'),(44,'徐冬梅','湖北省马鞍山县上街解路A座 824424','14714060114','minchen@hotmail.com'),(45,'张玉','山西省玉珍市合川梧州街k座 342295','13686096375','xiulan13@jieli.cn'),(46,'龙柳','广东省想县西峰冯街n座 769028','15842762958','chao81@fang.net'),(47,'魏丽娟','西藏自治区香港县大兴陈路W座 199968','14512028118','tao21@junjing.cn'),(48,'邓莉','安徽省乌鲁木齐市静安梧州街B座 486937','18921219565','lding@kongqin.cn'),(49,'熊秀梅','陕西省霞市南长高街G座 182146','15212162030','xiulanlei@songgong.cn'),(50,'梁玉梅','四川省西宁县海港西安路r座 613415','18019325548','xiulanzheng@zoucheng.cn'),(51,'张桂英','山西省建县魏都长春街x座 901905','15673849321','cfang@gmail.com'),(52,'刘帆','内蒙古自治区昆明市萧山郑街R座 681555','15184841211','xiulanlu@hotmail.com'),(53,'杨勇','甘肃省关岭县沈河郭街u座 468332','15583050548','jing61@jingtian.cn'),(54,'曹丽','山西省台北县山亭台北街u座 377188','15202749545','ytan@nalin.cn'),(55,'董斌','河北省杰市清河柳州街O座 374252','18631107377','gang40@gangyu.cn'),(56,'郭宁','上海市汕尾市魏都邓路N座 527190','15597067916','mindu@hotmail.com'),(57,'柯桂花','陕西省平市门头沟阜新路t座 875636','15908056279','jing26@xiangmao.net'),(58,'范桂芳','海南省杨县城北李路R座 718951','13344605440','ming19@88.cn'),(59,'李娟','天津市建华市孝南兴安盟街P座 519818','15133028782','wanxia@gmail.com'),(60,'梁辉','内蒙古自治区桂珍市山亭上海路Z座 617331','13796990537','jun19@xiuyingyan.cn'),(61,'韩波','甘肃省长沙县江北李街a座 962186','15313305720','dongyan@51.net'),(62,'张燕','西藏自治区秀荣县滨城王街i座 645659','15271445252','jun63@ib.net'),(63,'陶敏','海南省香港县徐汇孟街U座 365748','15988307855','jun57@yang.cn'),(64,'郭丽','湖南省六安县西夏王街q座 162731','15653307603','gongmin@yangyu.cn'),(65,'王霞','宁夏回族自治区柳县魏都卢路E座 216094','15651640583','uyin@yahoo.com'),(66,'樊秀英','天津市马鞍山县永川陈路l座 711817','18150842089','yan69@mintao.cn'),(67,'余秀华','内蒙古自治区丹市永川吕街V座 216214','14786233188','ugong@yahoo.com'),(68,'王杰','贵州省峰市高坪成都路u座 791455','13461376141','fangsu@se.cn'),(69,'黎雪','北京市波县黄浦嘉禾路O座 909381','15057563242','pfu@hotmail.com'),(70,'马丽丽','上海市潜江县山亭海门路v座 413560','18296015290','jchang@xiana.cn'),(71,'张峰','广东省永安市沙湾何街o座 951128','14776447662','pingzhu@gmail.com'),(72,'刘丽','香港特别行政区勇市黄浦兴城街t座 554564','13342882359','qiang23@guiying.cn'),(73,'秦静','黑龙江省西安县平山韩街t座 963041','18902203748','chaoshen@shao.cn'),(74,'赵勇','香港特别行政区香港县和平长春路y座 534840','13555406493','hujuan@95.cn'),(75,'李峰','吉林省天津县魏都黄街J座 475459','15747727200','tao54@hotmail.com'),(76,'李丽娟','重庆市马鞍山市萧山重庆路H座 535992','13899444073','usu@hotmail.com'),(77,'吴彬','四川省云县东丽哈尔滨路S座 836487','18869315034','wei61@yahoo.com'),(78,'胡洋','澳门特别行政区汕尾县友好张家港路C座 472787','18721394586','xiulanye@lei.cn'),(79,'王萍','黑龙江省贵阳县秀英汕尾路W座 180926','13594111151','duanjun@rencai.cn'),(80,'左玉兰','江西省巢湖市静安惠州街P座 651023','13165401279','fangzhu@leilin.cn'),(81,'余建','江苏省建华县西峰陈路Y座 965518','15766137761','yanxue@taoming.cn'),(82,'刘琳','贵州省英市清河梁路H座 433268','13418264620','pyi@haoliao.cn'),(83,'黄凤英','广东省帆县东城李街k座 315353','18267052903','yan13@yahoo.com'),(84,'傅俊','黑龙江省哈尔滨县友好大冶街V座 856807','15068162904','qhu@gmail.com'),(85,'李婷','四川省大冶县高明杭州路Z座 193254','13871035328','zengjing@gmail.com'),(86,'章荣','浙江省莹县高明六安路u座 356317','18122826044','gang26@taojiang.cn'),(87,'何军','安徽省西安市锡山丁街O座 607135','15186195416','chao@gmail.com'),(88,'季荣','广东省金凤县清浦王街f座 800989','13805205471','linping@jingchen.cn'),(89,'张凤兰','江西省玉华市长寿李路g座 606925','18073267691','wlin@92.cn'),(90,'王伟','安徽省巢湖县淄川郑州街C座 160624','13141488299','fangping@yahoo.com'),(91,'阮莹','河北省楠市南溪叶街W座 210721','15140275261','yangchen@namin.com'),(92,'钟兵','青海省六盘水市丰都长春街H座 109500','13520377054','mayong@yahoo.com'),(93,'关丹','台湾省丽华市丰都张路N座 130267','14739871430','fang93@gmail.com'),(94,'赵晨','吉林省斌市南湖何路u座 252606','15984382134','xiaowei@hotmail.com'),(95,'熊玉梅','山西省桂花市友好瞿街d座 490836','15516376976','hchen@ie.net'),(96,'乔红梅','湖北省嘉禾县大兴张街x座 450267','15919413107','qiangwu@wf.cn'),(97,'江萍','陕西省西宁市锡山沈阳街J座 889582','15697306302','kongli@hotmail.com'),(98,'赵萍','河北省刚县门头沟石家庄路p座 591054','13417319976','wangmin@hotmail.com'),(99,'谢玉','安徽省凤英县新城吕路v座 233474','18814787751','min84@gmail.com'),(100,'袁东','四川省峰县崇文陈路A座 153300','18505517859','pinglong@gmail.com'),(101,'徐平','香港特别行政区哈尔滨县高明李街l座 751723','15557069696','weiren@yahoo.com'),(102,'许秀兰','北京市长春县海陵北镇街S座 427186','18944791245','xgong@yu.cn'),(103,'童东','湖南省宁德市长寿台北街T座 243161','15188562245','jshao@xiulan.cn'),(104,'王莉','北京市西安市永川辽阳街t座 176398','13398012224','taoyan@77.cn'),(105,'张斌','河南省兰州县高港张家港路U座 547354','15900821511','yantao@yimao.cn'),(106,'汪璐','安徽省畅县华龙梧州路O座 103075','15936039322','jingkang@gmail.com'),(107,'王丽','甘肃省玉英县江北冯街w座 820148','18095908428','tanjie@hotmail.com'),(108,'袁斌','贵州省乌鲁木齐县魏都蔡街x座 822742','14742521206','yan57@51.net'),(109,'阿玉梅','青海省玉梅市金平周街z座 652749','18768196277','jingtian@yahoo.com'),(110,'卞红','黑龙江省佛山市大东郑街U座 609497','15588730764','ahao@gmail.com'),(111,'聂雪','吉林省宁德市崇文兰州街V座 806117','13733707557','shenmin@gmail.com'),(112,'何阳','湖北省丽华市西峰齐齐哈尔街o座 286596','15233055895','egu@72.org'),(113,'张兵','西藏自治区宜都市金平深圳街R座 798415','15648409272','rtan@01.net'),(114,'郭晨','河南省博市金平周路O座 466544','15846112677','haojing@yahoo.com'),(115,'徐岩','吉林省刚市翔安马鞍山街j座 456626','18914090977','ogong@cui.net'),(116,'廖成','河北省通辽县梁平郑路M座 526526','18758057297','pingma@yahoo.com'),(117,'孙瑜','广西壮族自治区齐齐哈尔市沈北新淮安路X座 145767','15136204461','ping82@weilu.cn'),(118,'刘秀珍','河北省欣县双滦徐街Y座 900989','13449941170','nkong@gong.cn'),(119,'曾坤','内蒙古自治区倩县安次东莞街G座 210515','15128603328','xia10@km.cn'),(120,'张坤','海南省军市魏都荆门路d座 647173','18815564655','ptan@ming.net'),(121,'王梅','宁夏回族自治区昆明县东丽李街n座 247182','15117470098','juanhe@hotmail.com'),(122,'刘峰','江西省敏市徐汇邯郸路r座 689071','13613992979','cyin@xu.cn'),(123,'高琳','新疆维吾尔自治区桂花市萧山芦街k座 196852','18238827011','yan11@47.cn'),(124,'倪红','云南省海燕市南湖乌鲁木齐路Z座 505195','15556350214','natang@gmail.com'),(125,'宫燕','山东省哈尔滨县蓟州齐齐哈尔街N座 565275','18859158568','wdeng@yahoo.com'),(126,'宋飞','香港特别行政区秀梅县蓟州大冶路Q座 501851','13774960035','xiuying37@hotmail.com'),(127,'侯秀云','四川省潜江县六枝特赵街D座 512848','14537856641','rhou@vj.com'),(128,'虞阳','青海省宁德市海陵潮州路P座 743399','15886074149','guoguiying@gmail.com'),(129,'刘瑜','澳门特别行政区关岭市上街沈阳街Q座 500199','18677601208','pli@yahoo.com'),(130,'王波','黑龙江省哈尔滨县丰都北镇路T座 208735','18566822201','qsun@hotmail.com'),(131,'张桂兰','海南省沈阳市房山北镇路o座 855371','15673693460','yang71@chao.cn'),(132,'石英','天津市南昌市黄浦李路j座 761012','13575749615','yzhong@xiulanhuang.cn'),(133,'谭东','湖南省玉珍市东丽翟街j座 453769','18256155536','xiulanxia@yahoo.com'),(134,'郭秀荣','北京市杨县海港李路z座 102796','15883653131','fengwei@gmail.com'),(135,'余林','山东省海燕市平山张街t座 183713','15729918611','pengtao@20.cn'),(136,'欧建平','江苏省兰州市和平汤路b座 441857','18556860389','tyang@xia.org'),(137,'黄桂香','吉林省博市海港王路U座 315512','13581477027','zhaolei@qiukang.cn'),(138,'张文','澳门特别行政区彬市江北沈阳路R座 133116','15565868546','tao60@38.cn'),(139,'何玉华','上海市深圳市涪城北镇路x座 959474','13749379647','pyan@hotmail.com'),(140,'原辉','江苏省晶市合川昆明路e座 392454','13662624771','ping11@hotmail.com'),(141,'胡淑英','湖北省亮县魏都辛集路x座 567941','15647729520','jing12@yahoo.com'),(142,'焦璐','江西省燕市双滦王路U座 317497','13085494026','li73@junlai.cn'),(143,'冯玉英','西藏自治区合肥市徐汇王路L座 766135','15872972475','wfu@hotmail.com'),(144,'马兵','江苏省帅市合川兴安盟街p座 963200','18017717537','vcao@yahoo.com'),(145,'陈秀芳','西藏自治区西宁县城北林街b座 956098','15688738154','gang04@gao.cn'),(146,'廉坤','河北省林县友好黄路V座 816986','15881373123','tao95@hotmail.com'),(147,'孙云','新疆维吾尔自治区呼和浩特市友好叶街K座 335883','18688606217','na82@bx.cn'),(148,'张亮','浙江省贵阳县南长巫路z座 675776','18206758535','liangxiuying@gmail.com'),(149,'李帆','江西省宁县华龙傅路l座 868627','18092317604','xiangjing@gmail.com'),(150,'甘云','广西壮族自治区桂芳县大东海门街H座 933161','13855747072','ndai@qx.cn'),(151,'刘超','广东省海门县大东尹街c座 666521','18649761103','yanshi@hotmail.com'),(152,'姚琴','北京市乌鲁木齐市兴山农路L座 572097','15823751606','yongxu@ping.cn'),(153,'冉岩','重庆市南京县房山长沙街n座 570235','14526474586','junshen@gang.cn'),(154,'罗琳','河南省亮县丰都广州街r座 100316','13673545907','weima@cuiyuan.cn'),(155,'桂帅','香港特别行政区柳州县大东通辽街m座 751532','14519207358','tfu@qiang.cn'),(156,'朱雷','江西省海口市安次禹街K座 893130','15827891923','pengtao@fang.cn'),(157,'李玉兰','海南省俊市江北昆明街s座 512949','15169736717','wding@chao.cn'),(158,'郭莹','安徽省燕市璧山巢湖街k座 485937','13857206713','jiamin@yahoo.com'),(159,'黄小红','甘肃省通辽县璧山巢湖街G座 509858','18726926780','guiying44@xiagong.cn'),(160,'李兰英','上海市淑华市南长潮州街A座 360825','15852411075','bhan@yahoo.com'),(161,'艾刚','香港特别行政区佳市璧山张路L座 879684','13567774724','zhenggang@wei.cn'),(162,'邱彬','陕西省南昌市南湖陈街N座 212499','13283740722','vdong@gmail.com'),(163,'李红霞','浙江省丹丹县海陵成都街u座 768168','13339316719','yan43@jie.cn'),(164,'张阳','江西省帆县秀英乌鲁木齐路W座 899431','15513561080','yongjiang@xiulan.cn'),(165,'顾燕','江西省沈阳市城东成路m座 123408','15804779672','vxiang@gmail.com'),(166,'郭雪梅','台湾省淑英市南溪符路h座 447289','18172662721','mingguo@gmail.com'),(167,'胡建','四川省想县沈北新徐街k座 859462','18139801200','jieliu@gangqin.org'),(168,'鲜冬梅','香港特别行政区太原县南溪梧州街H座 260098','13752880712','pingfeng@mj.cn'),(169,'李敏','黑龙江省英县大兴徐街Y座 826114','14596658743','cqian@hotmail.com'),(170,'张想','山西省静市滨城黄街W座 412889','15666476591','mzeng@gmail.com'),(171,'王建华','贵州省张家港市兴山张街r座 521795','14737980789','zpan@gmail.com'),(172,'李玲','海南省晶县友好太原路K座 630273','15121286664','junzheng@06.cn'),(173,'李淑英','黑龙江省玉县沈河通辽街Y座 801636','14793032958','ganglin@hotmail.com'),(174,'陈桂花','天津市秀荣市永川戴路J座 310118','13363395286','wei40@zv.cn'),(175,'赵文','湖南省柳州县长寿张路o座 710216','15341975480','yan82@yongyong.cn'),(176,'成帆','内蒙古自治区玲市合川长沙街s座 683302','13790466971','ping05@gmail.com'),(177,'李勇','河北省兰英市六枝特济南路t座 681249','15805170041','xzheng@hotmail.com'),(178,'王娜','宁夏回族自治区帅市淄川贾路j座 527537','14576670705','rliu@dw.cn'),(179,'陈丽娟','安徽省兵市花溪兴安盟街k座 496280','14544356937','xiadeng@weitao.net'),(180,'张燕','黑龙江省丹市花溪齐齐哈尔路q座 211375','15927894887','qianyang@gmail.com'),(181,'邱阳','天津市玉华县长寿银川路w座 238757','13934420540','phan@gmail.com'),(182,'廖静','河南省澳门市清浦香港街S座 459805','15687862096','wlong@yahoo.com'),(183,'罗桂芳','广东省燕县锡山祝街o座 867070','13904376389','gluo@guiyingjuan.cn'),(184,'张建','江西省合肥市高明太原路V座 943668','14541396134','xiemin@yahoo.com'),(185,'高勇','山西省拉萨市蓟州淮安街K座 851655','14535399796','xieli@gmail.com'),(186,'周军','山西省马鞍山市淄川张街Y座 115369','14584912806','rqian@yahoo.com'),(187,'张桂珍','天津市哈尔滨市安次余街X座 924344','13127025494','yan05@gmail.com'),(188,'罗淑兰','黑龙江省杨市华龙林街q座 149993','13256415003','hejun@yahoo.com'),(189,'戴彬','江苏省六盘水县滨城张路b座 352288','18149004376','chengxiuying@cai.com'),(190,'吴莹','江苏省小红市怀柔杭州街o座 952296','13063307047','wei64@hotmail.com'),(191,'胡柳','重庆市合山市长寿李街C座 793172','13531141310','leiding@04.cn'),(192,'林婷婷','浙江省刚市锡山重庆路m座 821932','15763020956','xiulan63@yahoo.com'),(193,'宋洋','浙江省文市西峰张路K座 694670','18634382631','udeng@36.org'),(194,'褚阳','贵州省银川县双滦陈街R座 332814','14711401186','wenjuan@shi.cn'),(195,'荣桂芝','黑龙江省哈尔滨市永川潮州路D座 664926','14760151628','weihuang@mintao.cn'),(196,'白萍','江苏省海燕市普陀郑州路M座 165070','18611570703','ewu@yang.cn'),(197,'李雪','新疆维吾尔自治区合肥市萧山李路f座 730279','18608654239','yinyong@68.cn'),(198,'赵桂香','天津市宁县金平张街g座 509520','15005013891','yongqian@gmail.com'),(199,'李超','浙江省玉兰市璧山周街q座 790802','13191189146','nafang@hotmail.com'),(200,'萧淑珍','香港特别行政区关岭县上街北镇街e座 755334','14590131366','thuang@hotmail.com'),(201,'王成','福建省澳门市锡山太原街i座 757548','14518075099','dengfang@hotmail.com'),(202,'刘桂兰','河南省琴县西夏北镇街q座 647411','18186797112','yong72@guiyingcao.org'),(203,'徐超','宁夏回族自治区福州市友好李街K座 419512','15249650105','yinyan@gmail.com'),(204,'郑岩','黑龙江省彬县锡山乌鲁木齐路f座 688140','13233343909','leisu@baidai.cn'),(205,'乔建','吉林省颖县沙湾兴安盟路K座 284457','15573734772','kqiu@gmail.com'),(206,'刘飞','新疆维吾尔自治区梅县房山沈阳路S座 427044','13617890604','yangyi@gmail.com'),(207,'施桂荣','台湾省海燕县花溪詹街n座 777453','13489944361','zhengmin@yahoo.com'),(208,'秦丹','甘肃省兰英市静安嘉禾路u座 428592','18091419180','gaoyong@yahoo.com'),(209,'殷峰','重庆市伟县静安施路W座 192981','18660016071','lfu@jingqiang.cn'),(210,'袁凯','甘肃省峰市滨城曲路o座 559608','14513824551','fang67@hotmail.com'),(211,'张晶','湖南省济南市蓟州乌鲁木齐路B座 245886','15913488658','jtan@hotmail.com'),(212,'孙芳','甘肃省杰市金平郭路d座 756531','18952676382','fangwen@yahoo.com'),(213,'丁平','海南省杨市梁平殷街Q座 989983','13240695185','yong67@yahoo.com'),(214,'马强','河北省超县浔阳周路a座 446808','15015430487','maojie@gmail.com'),(215,'韩畅','广西壮族自治区秀英市房山黄街r座 184135','13279853529','jiehan@ff.cn'),(216,'王荣','辽宁省淑珍县丰都台北街O座 270816','13257034999','zhongming@hotmail.com'),(217,'郑英','海南省荆门县西夏蔡街A座 145803','15166199098','maoguiying@hotmail.com'),(218,'赵平','河南省关岭县南长陆路t座 241608','14736334780','yongfang@guiyingzhao.cn'),(219,'黄敏','吉林省梧州市友好周街J座 689954','15849810176','liyao@shen.cn'),(220,'阎桂荣','吉林省淑珍县普陀嘉禾街J座 356314','15334180007','liping@hotmail.com'),(221,'孙林','香港特别行政区东莞县普陀北镇街V座 448816','13325685471','jie73@hotmail.com'),(222,'吕兵','陕西省秀荣市怀柔曾街M座 305512','15724922628','juntang@yahoo.com'),(223,'张婷婷','广东省呼和浩特县友好赵路Z座 820134','15917837797','fanggang@xia.net'),(224,'芦桂英','河南省桂香县新城武汉街H座 169121','14558720856','nacheng@juanxiuying.cn'),(225,'陈建华','吉林省志强市丰都沈阳路A座 197996','13928409996','yong12@hotmail.com'),(226,'张凯','辽宁省南宁县南长胡路o座 176325','13132165355','liaojuan@yahoo.com'),(227,'张玉兰','青海省荆门市怀柔东莞路V座 139597','13102009286','yang89@xueliao.cn'),(228,'童丽华','广西壮族自治区拉萨县沈北新台北街o座 585901','13586817914','uzhu@yahoo.com'),(229,'熊桂英','宁夏回族自治区利县萧山刘路O座 770600','13107888897','juanma@hotmail.com'),(230,'杨洁','陕西省汕尾市永川巢湖路F座 482710','14561212978','houfang@hotmail.com'),(231,'纪红梅','上海市雷市六枝特天津街d座 923482','14579655399','jun35@wc.cn'),(232,'陈兰英','北京市娜县萧山徐路O座 445407','13972045284','jun39@yahoo.com'),(233,'张静','吉林省桂芳市沈河张路X座 261208','15712855060','shaoyong@02.cn'),(234,'武凤英','四川省哈尔滨市六枝特李路G座 591400','13071057627','gangjin@luoxie.cn'),(235,'高丽华','青海省凤兰县和平陈街z座 918350','13320868082','khan@mingyin.cn'),(236,'万琴','福建省玲市大东成都街U座 882460','15026255136','xxia@48.net'),(237,'智玲','香港特别行政区亮市梁平乌鲁木齐街S座 849683','18959895509','tao83@li.cn'),(238,'戴玉珍','天津市阜新市蓟州刘路o座 178239','14711553176','leipeng@gmail.com'),(239,'周秀华','重庆市银川县永川南路F座 796508','15188454902','duanjing@zengcao.net'),(240,'费凤兰','西藏自治区凤兰县东丽南昌路U座 741082','18033269281','juanzeng@yahoo.com'),(241,'张莹','海南省淮安县清城胥路V座 590211','18543595188','yong64@gmail.com'),(242,'孙金凤','陕西省辽阳县永川王街o座 405524','15889069857','qiangshen@gmail.com'),(243,'李欣','辽宁省西宁市南长长春路z座 819390','14591837672','chao91@hotmail.com'),(244,'罗建','河北省磊县海港杜街G座 448652','13180058903','pwu@hotmail.com'),(245,'杨磊','广东省秀云县黄浦李街a座 327729','13295589761','yan53@wei.cn'),(246,'高婷婷','香港特别行政区艳市海陵田街V座 246687','15271015170','zhuna@lf.cn'),(247,'王瑜','云南省燕县沈北新马鞍山路B座 662240','13909028548','guiying56@lin.com'),(248,'王琴','四川省杨县沙市南昌街y座 485833','18724660606','fangang@yizhu.cn'),(249,'杨红梅','广西壮族自治区嘉禾市海港朱路b座 478989','13272538122','xiuyinggong@hotmail.com'),(250,'龙桂荣','澳门特别行政区淑华市南溪乌鲁木齐街I座 400053','15810003552','qintao@taoyong.cn'),(251,'吴佳','广东省沈阳市沈河廖路s座 940773','14567579234','hejuan@hotmail.com'),(252,'李桂珍','江苏省昆明县城东刘路I座 429590','13888284458','ywan@22.cn'),(253,'袁辉','广东省张家港市西峰东莞街c座 469131','13141641745','ming77@mengdong.cn'),(254,'郑玉华','天津市萍市兴山宋路u座 491594','18872777944','juanqiao@leideng.cn'),(255,'黄琴','浙江省建华县南溪刘路n座 503743','15521165399','jun26@junqiao.cn'),(256,'胡秀珍','宁夏回族自治区梧州市魏都通辽路F座 545065','18721169201','xqin@gmail.com'),(257,'苏玉珍','甘肃省通辽县南溪东莞路a座 673108','15308838388','xiuyingqin@chang.cn'),(258,'沈帆','山西省通辽县牧野钟路j座 875706','15795358973','nlin@gmail.com'),(259,'史慧','新疆维吾尔自治区昆明县安次曾路m座 975619','18140326191','xiuyingzhang@gmail.com'),(260,'郭强','江西省平县东城罗街K座 144689','15991519429','cuiguiying@82.cn'),(261,'赵刚','云南省亮市海陵杜街p座 302809','13980673347','yanzhu@wei.cn'),(262,'刘凤兰','台湾省阜新县清浦夏街w座 340127','18832776905','tao89@hotmail.com'),(263,'王磊','新疆维吾尔自治区济南市高坪南宁街C座 458183','15321026225','tianwei@hotmail.com'),(264,'崔敏','上海市志强县西峰武汉路Z座 392267','18014359805','leipeng@yahoo.com'),(265,'陈凯','河南省永安市城东庄街D座 969995','15619589303','na33@wan.cn'),(266,'王雷','吉林省杭州市秀英福州街S座 138817','13940164830','zhaolei@yahoo.com'),(267,'刘欣','吉林省凤英县山亭大冶路R座 267653','15357632406','xiulan38@hotmail.com'),(268,'鞠志强','香港特别行政区海口县大兴哈尔滨路k座 488775','15275685196','jie45@hotmail.com'),(269,'高莹','北京市银川县山亭陈路I座 843193','13481536781','yangtang@gmail.com'),(270,'韩辉','吉林省霞市龙潭深圳街W座 393477','15346143091','xuxiulan@hotmail.com'),(271,'郭峰','贵州省宁市沙湾梁路u座 335629','13863881100','ilu@yahoo.com'),(272,'陈玉梅','广西壮族自治区阜新县西夏贵阳路V座 578421','13775895109','yangping@xia.cn'),(273,'秦峰','天津市东莞市西峰北京路b座 749759','13373899458','guiyingsun@gmail.com'),(274,'王淑珍','黑龙江省长春县怀柔诸路V座 265621','18847176624','gmo@hotmail.com'),(275,'张婷','湖南省飞县滨城龙路f座 790850','15846832915','jie99@yahoo.com'),(276,'李桂荣','甘肃省昆明县南溪申路K座 640601','13371752067','xueyong@hotmail.com'),(277,'陈雪','山东省瑞市吉区邯郸路L座 392822','15866120822','chaoshao@qiang.cn'),(278,'邓红','西藏自治区博市白云澳门街G座 493949','15759735115','lei09@hotmail.com'),(279,'杨冬梅','辽宁省宁市永川陆街T座 101666','15065042452','liping@hotmail.com'),(280,'叶洋','湖北省淑英市清城关岭街s座 470231','15977602698','juan16@yahoo.com'),(281,'林红霞','香港特别行政区南昌县孝南段路p座 878590','13105876714','xiulanding@yahoo.com'),(282,'王杰','四川省博市魏都惠州街C座 542077','18548744256','zhangjuan@ligang.cn'),(283,'陈峰','广东省呼和浩特县淄川南京街c座 184017','13252066626','nasun@leicui.cn'),(284,'阎畅','陕西省潮州市东城韦路n座 328830','13079539967','mingchang@gmail.com'),(285,'潘林','山西省重庆县南湖何街d座 351243','18725185970','wxia@gmail.com'),(286,'陈秀英','江苏省沈阳县高港重庆街N座 812281','13056971104','zhongyang@wangfan.cn'),(287,'陈东','安徽省桂珍县沙湾台北街y座 478635','18846062576','yanma@gmail.com'),(288,'张娟','安徽省桂珍市安次李路w座 161579','18264120555','jun87@yahoo.com'),(289,'李雪梅','海南省秀兰县沈北新宁德路p座 433640','13737728767','fang39@ni.cn'),(290,'谭军','吉林省深圳市上街石路Z座 911660','14762615261','wenfang@mingyong.cn'),(291,'胡晶','广西壮族自治区拉萨县滨城关岭路v座 383411','13658345458','xia73@30.com'),(292,'杨鑫','浙江省丽华市西峰银川路P座 841544','18007483183','yangtian@yahoo.com'),(293,'童玉梅','云南省旭市静安荆门街y座 224032','15693626339','mchang@hotmail.com'),(294,'桑亮','台湾省静市锡山拉萨路F座 112268','14551611392','ycai@yahoo.com'),(295,'汤宁','山西省长春市永川屈街Z座 136050','18753927282','li66@hotmail.com'),(296,'邱颖','辽宁省雪县魏都合山路Z座 966403','15396012575','yangfeng@yahoo.com'),(297,'王鑫','青海省秀芳县高港太原街c座 895055','15937943944','kangxiuying@yahoo.com'),(298,'王婷','河北省海口市兴山束街w座 135020','15505838143','jiafang@jie.cn'),(299,'牛淑珍','香港特别行政区郑州市白云李路t座 639878','15793441436','juan81@ry.cn'),(300,'金淑华','云南省六盘水市安次张路K座 249545','15323386605','rma@gmail.com'),(301,'周玉兰','江西省长春县东城南宁路q座 497537','13009768918','juan73@chenwan.cn'),(302,'黄秀荣','黑龙江省台北市花溪澳门路R座 681022','13841190999','fanli@gmail.com'),(303,'马明','新疆维吾尔自治区武汉县浔阳沈阳街u座 848525','18884111178','kongli@naxiuying.net'),(304,'田秀珍','山西省东莞县普陀关岭街Q座 728669','13617927124','elin@yahoo.com'),(305,'刘淑兰','湖北省深圳县怀柔景街w座 477102','15075895088','yzhu@gmail.com'),(306,'吴桂芝','贵州省雪市合川辽阳路s座 442593','18200010508','yeguiying@gmail.com'),(307,'吴雪梅','重庆市银川县璧山田街J座 244217','18922331862','bwu@baiye.cn'),(308,'张桂花','江苏省沈阳县兴山巢湖路J座 787098','15959514504','yong96@chao.cn'),(309,'王凤兰','河北省秀英县永川荆门街r座 903721','15050624199','cchang@78.cn'),(310,'赖小红','江苏省琴市高港徐街C座 684659','15373438382','jie49@yahoo.com'),(311,'贾瑞','山东省银川县山亭李路e座 284796','15885571223','jyao@yangmin.cn'),(312,'贺坤','青海省丽娟市丰都柳州路O座 883479','15211940010','yanliu@xiuying.org'),(313,'蔡晶','香港特别行政区健市东城汪路E座 331407','13119168013','cuiqiang@hotmail.com'),(314,'张丹','湖北省宁市友好李路J座 135261','15276857501','laiming@64.cn'),(315,'唐瑜','甘肃省马鞍山县六枝特罗街T座 365107','15163270289','yong14@yahoo.com'),(316,'陈冬梅','北京市静市丰都孙路r座 850077','18724463512','yanyuan@gmail.com'),(317,'张志强','上海市西安市门头沟萧路Q座 219275','13880262846','jiagang@54.cn'),(318,'符利','云南省上海县黄浦刘街X座 929359','15230225657','weilei@yahoo.com'),(319,'张红霞','山东省海口市高明济南街D座 503851','18289736332','nguo@gmail.com'),(320,'黄帆','山西省凤兰县怀柔澳门街P座 915165','13163257441','juanwen@yt.cn'),(321,'涂淑珍','天津市琳市海港佛山路C座 451412','13342459107','izhong@14.net'),(322,'单婷','湖南省桂花市合川西宁路Y座 391651','14507499384','minfang@yahoo.com'),(323,'陈芳','天津市沈阳市普陀宋路e座 252384','13263737927','weiyi@gmail.com'),(324,'向莉','河北省梧州县友好宁德街L座 530354','15972960437','juan59@hotmail.com'),(325,'卢桂芝','宁夏回族自治区丽县南长哈尔滨街J座 233480','18952109437','minluo@yahoo.com'),(326,'石畅','北京市洁市山亭郑街P座 497850','18952419883','dengwei@yahoo.com'),(327,'成莉','湖北省健县南溪赵路k座 440219','13529226074','hxu@yanfeng.cn'),(328,'张琴','广东省汕尾市丰都赵路Y座 663725','15577384096','leizhang@hotmail.com'),(329,'孙飞','宁夏回族自治区阳市安次王路F座 837280','15599108189','shenguiying@yahoo.com'),(330,'罗凤英','江西省洁市沈河董路k座 344830','13849123531','haoyan@gmail.com'),(331,'李玉兰','浙江省北镇市上街六安路Z座 152148','18538838848','na63@shaoshi.cn'),(332,'李勇','浙江省桂芝县梁平兰州路s座 576849','15202527824','jing05@chaotan.cn'),(333,'赵涛','新疆维吾尔自治区桂香县六枝特银川路d座 531639','13628741108','jun62@gmail.com'),(334,'李兰英','甘肃省秀荣市东丽重庆街B座 341316','18050084141','jingguo@gmail.com'),(335,'赖秀兰','青海省杨市蓟州周路m座 979154','13375445212','yong51@hotmail.com'),(336,'彭梅','陕西省秀华县沙市大冶街X座 295241','13516100529','chao15@gmail.com'),(337,'郭萍','辽宁省齐齐哈尔市黄浦辽阳路h座 824825','18591951624','mxu@zeng.cn'),(338,'毕斌','山西省辉市高港宁街o座 603613','13739253711','exiong@hotmail.com'),(339,'林宁','陕西省长沙市翔安丁街o座 837407','14560617272','suwei@gmail.com'),(340,'郑俊','贵州省淑华市金平宁德街r座 811724','18882569817','cyuan@zhulai.net'),(341,'林洁','甘肃省桂荣县东城澳门街d座 149360','18518125425','yong41@30.cn'),(342,'祝霞','甘肃省拉萨市孝南梁街j座 484564','13547349479','junlu@weiyong.cn'),(343,'刘桂香','江西省西安市城东胡街H座 748954','18087086945','yijie@jd.cn'),(344,'席柳','四川省娜市清浦方街a座 727949','15986313844','bmeng@yahoo.com'),(345,'蒲刚','西藏自治区佛山市高坪吴路t座 195049','18968220955','minglai@yahoo.com'),(346,'陈阳','广西壮族自治区晨市合川林路d座 791400','18588429396','lianglei@minli.com'),(347,'刘英','甘肃省兵县南湖庄路t座 232274','15111288265','weiyao@juanding.cn'),(348,'吴芳','海南省沈阳市梁平孙路k座 145014','13400819136','tao73@02.cn'),(349,'陈斌','广东省邯郸市沈河长沙路c座 182358','13073639882','rtang@gc.net'),(350,'高洁','重庆市呼和浩特市蓟州阎路v座 704731','14733817860','fang41@22.org'),(351,'李桂珍','海南省莉县双滦徐街P座 415718','13068919995','ming22@hotmail.com'),(352,'石阳','广东省成都市城东仝街d座 958500','15005455261','zhouxiuying@yahoo.com'),(353,'牟玲','陕西省琳县南长澳门街w座 285968','13298394104','bchen@gmail.com'),(354,'黎帆','广东省柳州市白云北京路Y座 473484','13153308709','xiuyinghu@yahoo.com'),(355,'陆云','内蒙古自治区明市高港杨街m座 729338','14585726191','qiaoming@hotmail.com'),(356,'萧云','江西省六安县丰都齐齐哈尔路e座 966432','15351042452','li52@gmail.com'),(357,'杨金凤','澳门特别行政区西宁县秀英邱街f座 786894','15718004784','osu@gangmao.cn'),(358,'刘佳','陕西省燕市城东呼和浩特路h座 364873','14532471970','yuqiang@fumo.cn'),(359,'赖洋','天津市宇县长寿通辽路g座 375063','18095012537','swu@yangyao.net'),(360,'王凯','甘肃省欢市兴山兰路r座 119327','15688752974','xmo@97.cn'),(361,'朱桂芳','天津市桂花县长寿曾路D座 633692','15309647661','shaotao@gmail.com'),(362,'康鹏','江苏省娟市西夏赵街T座 792807','15336298399','rzhou@mm.cn'),(363,'孙建军','香港特别行政区玉兰县六枝特天津街R座 973118','15353051018','pzeng@yangkang.cn'),(364,'王建军','黑龙江省建华市沙湾贵阳街f座 247219','18201002892','guiying39@yahoo.com'),(365,'邱海燕','重庆市建平市高明太原路m座 322195','18206679631','heli@gmail.com'),(366,'范坤','吉林省秀芳市沈北新郝路R座 399190','18648580936','guyong@fu.cn'),(367,'程斌','山东省桂荣市高明张路x座 802944','18061700261','zkong@49.cn'),(368,'程琴','黑龙江省嘉禾市长寿北京街S座 625869','18158977420','na11@dingcai.cn'),(369,'任建军','江苏省宜都市房山南昌街V座 621986','18938314562','renxiuying@zv.cn'),(370,'李浩','上海市广州市安次胡路D座 341401','13433205075','gyan@hu.com'),(371,'都燕','澳门特别行政区楠市锡山兴城路U座 182353','15965383689','pfan@taoyin.com'),(372,'杨鑫','海南省兴城市江北罗路t座 679453','18160064101','xiulanchang@li.cn'),(373,'黄浩','西藏自治区惠州县清河林路G座 264986','18123500873','fyu@gmail.com'),(374,'魏淑珍','内蒙古自治区佛山市合川武汉街P座 363997','13006381926','qiangshen@yongmeng.cn'),(375,'李凯','黑龙江省静市翔安武汉路t座 771309','13995271146','ayang@hotmail.com'),(376,'王帅','重庆市勇市浔阳董路U座 210171','13739488020','caojun@liangbai.cn'),(377,'焦秀华','山西省杨县高明拉萨街A座 135450','15283744104','oxie@43.cn'),(378,'袁飞','天津市杨市浔阳梧州街R座 336323','13613740305','leizhao@hotmail.com'),(379,'高瑜','福建省郑州县滨城太原街e座 672337','13933394721','kongming@hotmail.com'),(380,'赵婷','青海省洁市高港银川街R座 895086','13532178851','fangli@zou.cn'),(381,'原辉','海南省香港市梁平海门路O座 373511','13026739549','cyu@yahoo.com'),(382,'赵桂荣','宁夏回族自治区六盘水县门头沟宜都路r座 853227','18117981041','jun59@shaohou.cn'),(383,'罗旭','福建省武汉市沈河焦街j座 707617','15304934379','ping67@gmail.com'),(384,'江瑞','新疆维吾尔自治区林县秀英杨路f座 144595','15746168929','xiuyingyuan@yahoo.com'),(385,'白楠','浙江省燕县长寿张街r座 842663','18543231410','mingdai@gmail.com'),(386,'邹平','西藏自治区林县六枝特拉萨路h座 915563','15602144083','achang@yahoo.com'),(387,'洪雪梅','河北省秀梅县沙市合山街P座 616928','15330561800','dingjun@gmail.com'),(388,'马兵','四川省贵阳市城东淮安路E座 481579','13996883806','yinguiying@gmail.com'),(389,'黄瑜','江西省呼和浩特县吉区齐齐哈尔路v座 928225','15018281286','chaohan@liming.cn'),(390,'何佳','江苏省海门县东丽陈街l座 364913','18560028672','xiulan19@yahoo.com'),(391,'戴玉','台湾省萍县魏都崔路V座 492915','15889820236','shenlei@gmail.com'),(392,'曾瑜','澳门特别行政区台北县梁平常街d座 110125','15005310719','wujun@xuegao.cn'),(393,'郑秀荣','云南省邯郸市崇文符街v座 666111','15697391020','lwu@50.org'),(394,'张志强','陕西省燕县秀英蒋街f座 770018','13225383741','mjia@hotmail.com'),(395,'丁涛','上海市婷县永川曾路K座 619650','15680013775','dliu@wu.cn'),(396,'刘磊','江西省静市崇文哈尔滨路c座 162742','13110005357','lichen@yahoo.com'),(397,'刘涛','四川省齐齐哈尔市静安海门街k座 982649','15559942888','dengmin@gmail.com'),(398,'祝丹丹','黑龙江省宇县海港宁德路u座 499099','18664947154','xiajuan@hotmail.com'),(399,'周雪梅','天津市龙县崇文澳门路h座 984674','18976852865','liangxiulan@zhou.net'),(400,'黄玉华','河北省萍县普陀王街i座 620532','15163342460','yangzhang@yahoo.com'),(401,'陈红梅','湖南省邯郸县永川夏街O座 917247','18953643315','ulei@12.com'),(402,'齐刚','台湾省红市吉区张街H座 715780','14527359826','fduan@hotmail.com'),(403,'张丹','陕西省张家港县海港邱街c座 224494','14512421976','yongzhang@yanguiying.cn'),(404,'陈柳','湖南省洁县友好叶街y座 134903','18712490574','xiuyingkong@gmail.com'),(405,'郑阳','江苏省沈阳县南湖樊街g座 293838','18097781388','junqian@xiagao.cn'),(406,'罗刚','重庆市太原市翔安黄街D座 526510','13258066352','wenjuan@hotmail.com'),(407,'袁军','福建省红市沙市北镇路g座 295961','13459733958','nali@gmail.com'),(408,'黄文','辽宁省燕市沙市陆路J座 835217','15970716089','na27@yahoo.com'),(409,'朱秀华','江西省呼和浩特市朝阳东莞路O座 926622','15533839515','uyan@gmail.com'),(410,'朱桂花','辽宁省想县普陀张街n座 680544','13445343330','yan00@wei.cn'),(411,'欧丹丹','河南省沈阳市滨城李路F座 316635','13036026228','minghao@jieshi.cn'),(412,'黄亮','河南省龙市蓟州郑路h座 604638','18011725747','xiuyingchen@duan.com'),(413,'韦丽','广东省辽阳县高明邯郸路V座 435722','14592422614','rtian@yahoo.com'),(414,'赵峰','吉林省梧州县静安长沙街Q座 694700','13404821305','jcao@hotmail.com'),(415,'曾桂珍','宁夏回族自治区惠州市门头沟陈街x座 454759','15621443730','rtan@hotmail.com'),(416,'陈欢','安徽省淑兰市沈河上海路w座 216543','15118208901','gang64@namin.cn'),(417,'王伟','黑龙江省银川县长寿李路p座 117893','15231506922','caijun@yahoo.com'),(418,'潘婷','陕西省梅县朝阳詹街P座 461631','13058137193','pkang@leicao.cn'),(419,'马丹丹','湖北省宇市平山王街w座 656233','15994646324','fangduan@35.cn'),(420,'冷畅','辽宁省玉县西夏合山路I座 624476','15790592138','junma@ko.cn'),(421,'袁刚','广东省玉英市浔阳许路T座 327523','13693876953','maofang@hotmail.com'),(422,'曾飞','台湾省鹏市南长荆门街i座 660466','18625965263','juanfu@hotmail.com'),(423,'胡荣','吉林省成市淄川夏街X座 863876','15889674961','liuxiuying@yahoo.com'),(424,'陈慧','黑龙江省阜新县房山黄街b座 534951','18186791248','yexiulan@wen.com'),(425,'柳颖','江苏省涛县东丽永安街t座 268349','13466059368','ganghuang@taojun.net'),(426,'叶涛','安徽省艳市花溪包路Q座 994360','15936981778','xiuyingzou@gmail.com'),(427,'杨玉英','广西壮族自治区涛县南湖袁街O座 893106','15906182771','olong@mingsun.net'),(428,'李淑兰','河北省秀荣县花溪刘街f座 374194','13738472280','leiwu@hotmail.com'),(429,'杨淑华','内蒙古自治区文市沈北新大冶路T座 843163','15387267549','rdeng@leiqiang.net'),(430,'林玉梅','西藏自治区潜江市闵行潮州路S座 850453','14573600742','gangduan@yudeng.org'),(431,'姚帆','江苏省杭州市白云鲁街D座 288085','18934699709','lkang@es.cn'),(432,'李波','内蒙古自治区潮州市双滦晁街z座 806950','18180292625','minpeng@jiacui.cn'),(433,'张博','北京市广州市城北海门路q座 220976','13461035209','yong10@hotmail.com'),(434,'龚丹','吉林省深圳市丰都南京路g座 488074','13656605423','gang54@lijun.com'),(435,'邱娟','安徽省西宁市萧山淮安路R座 322106','18706815339','weijuan@jingxia.cn'),(436,'张秀梅','湖南省福州市合川长沙街c座 610774','15007625789','xiulangong@gmail.com'),(437,'高燕','辽宁省燕市东城郑州路a座 579715','15860050803','tao67@zhou.cn'),(438,'马欣','湖南省辉市黄浦石家庄街M座 610296','14727596694','li75@yong.cn'),(439,'任军','河南省想县城东永安街r座 584767','13219987512','jiehu@jingyang.com'),(440,'张敏','广西壮族自治区桂芝市浔阳潮州街t座 169851','18179602515','sungang@yahoo.com'),(441,'邹彬','浙江省沈阳市西夏辽阳街T座 123469','18208493233','yan86@gmail.com'),(442,'黄建华','湖南省洁市锡山东莞街k座 648210','18556569006','cxu@guiyingming.cn'),(443,'谢军','北京市荣市上街林路C座 533978','14715881949','yaoguiying@gmail.com'),(444,'黄燕','湖南省丽丽市徐汇六安路F座 776436','18604418508','lei57@cuihao.cn'),(445,'刘莉','甘肃省台北市大东尚街w座 628936','15972875072','rlin@yahoo.com'),(446,'赵斌','香港特别行政区淮安县孝南杭州街t座 239359','15688090175','junzhou@gmail.com'),(447,'王波','天津市峰市西夏巢湖路y座 863845','18995801989','qiangwang@yahoo.com'),(448,'董超','山东省飞县平山郭路I座 126553','18581129462','guiying23@song.cn'),(449,'赵彬','江苏省海口县合川吴路G座 116873','15212744857','dongqiang@qi.cn'),(450,'张琳','浙江省建军县海陵黄路r座 928716','13594771369','weijing@gmail.com'),(451,'傅杨','宁夏回族自治区梧州县梁平郝街c座 310259','13351416237','czhu@malin.cn'),(452,'萧成','宁夏回族自治区平县高港程路N座 850041','15921335805','guiyingfu@hotmail.com'),(453,'崔敏','山东省惠州县上街刘路K座 175791','18061378800','xiagao@na.cn'),(454,'文桂芝','贵州省海燕市梁平阜新路Q座 819616','18047537327','qiang68@gmail.com'),(455,'仲阳','西藏自治区秀珍市崇文陈路I座 598343','15818531369','changguiying@yuan.cn'),(456,'骆军','澳门特别行政区福州县锡山长沙路v座 687909','13836810093','djin@gmail.com'),(457,'郭晨','广东省瑞县沙湾兴安盟街R座 788297','13945274008','xiulanwang@yahoo.com'),(458,'李博','湖北省杭州市高港王街d座 858028','13081851509','leijun@gmail.com'),(459,'孔洋','江苏省秀芳市清浦宁德路e座 661415','18689694890','zengjing@gmail.com'),(460,'金琴','台湾省春梅县高港陈路L座 729831','13394706467','tanwei@74.com'),(461,'焦楠','湖南省西宁县滨城北京路m座 862621','18127069440','qiang45@peng.cn'),(462,'王成','陕西省琴市城东昆明路G座 234293','15747883132','xiuying39@xiuyingxiulan.cn'),(463,'刘磊','河南省南昌县双滦马鞍山路x座 492598','13200058333','qiang17@gmail.com'),(464,'刘丽丽','山西省桂珍市朝阳黄路h座 730864','18214359742','yaoming@yahoo.com'),(465,'陈秀荣','辽宁省澳门县南溪周路c座 857217','15380045765','yaochao@junlei.cn'),(466,'许超','海南省军县城东丁路L座 860150','15149268417','isu@hotmail.com'),(467,'高柳','海南省彬县和平石街g座 765078','18767927662','wei60@jing.cn'),(468,'刘亮','福建省齐齐哈尔市安次刘街q座 652855','14550506369','yang90@xiaolu.cn'),(469,'李霞','海南省磊市门头沟太原路i座 269981','14707590104','liangqiang@hotmail.com'),(470,'宋凤兰','广西壮族自治区秀华市闵行南京街h座 393812','18693894837','cyan@yahoo.com'),(471,'原斌','新疆维吾尔自治区柳县蓟州辽阳路s座 585055','13371293043','juangu@yahoo.com'),(472,'张云','四川省宁市浔阳张家港街C座 276856','14537260623','jun96@xiuyingyong.cn'),(473,'李芳','香港特别行政区梅县怀柔来街D座 437170','13307236826','wei06@hotmail.com'),(474,'罗玉珍','山西省宁德县清城王街y座 236743','18756308454','ufan@zheng.cn'),(475,'赖莉','广西壮族自治区六安市怀柔兰州路q座 569814','15250566683','na51@gmail.com'),(476,'李云','山东省兵市怀柔关岭路b座 569295','15050112462','qiang67@hotmail.com'),(477,'贾玉梅','北京市天津市魏都阜新街K座 803879','14759664357','daitao@hx.net'),(478,'何玉','福建省红霞市翔安柳州街o座 671084','14571076849','smao@yahoo.com'),(479,'刘坤','重庆市伟县永川虞街H座 758066','13367365541','mengyan@gmail.com'),(480,'金秀荣','山东省海燕市沈北新石街U座 758501','15839146114','bdai@55.cn'),(481,'陈霞','西藏自治区秀荣县高明惠州路U座 145585','15286704399','qbai@63.cn'),(482,'周畅','山西省梅市萧山杨街r座 891024','13243067966','fangwei@hotmail.com'),(483,'苏丽娟','青海省西宁县西夏重庆路A座 968241','15669068104','gang70@gmail.com'),(484,'孟玉兰','江西省建平县沙市陈街g座 902365','18563110730','jie00@xiuying.cn'),(485,'郭桂芝','陕西省重庆市孝南向街g座 257981','18134115928','guiying90@yahoo.com'),(486,'胡荣','天津市杭州县永川成都路F座 759095','18946152011','jiezeng@gmail.com'),(487,'李淑兰','上海市楠市房山淮安街B座 975154','15207119966','yaowei@duyin.cn'),(488,'孙帅','辽宁省娟县东城梧州路D座 406455','13078545217','pingxu@gmail.com'),(489,'吴桂芳','河南省宜都县高坪沈阳路P座 335345','18797486491','yangwu@yangyao.cn'),(490,'张东','甘肃省荆门市海港李街Z座 391227','15365671237','kyu@guo.cn'),(491,'王亮','澳门特别行政区武汉县璧山向路h座 624566','13285534603','yongchang@yahoo.com'),(492,'杨帅','海南省海口市孝南广州路f座 614955','15937668915','pingxie@wu.cn'),(493,'桂杨','北京市通辽县梁平胡街R座 931981','18058616102','udu@yahoo.com'),(494,'谢俊','新疆维吾尔自治区银川市南长济南街f座 919794','13576649946','wenjuan@hotmail.com'),(495,'张阳','内蒙古自治区合山市浔阳苏街N座 784983','15721770520','mingchang@hotmail.com'),(496,'萧静','湖北省梅市滨城仇路J座 704697','18131965404','fujuan@gmail.com'),(497,'王娟','山东省梧州市崇文方街k座 373170','15279050052','fangdeng@hotmail.com'),(498,'韦建','浙江省辛集县涪城成都街V座 685010','13122757597','bkang@yahoo.com'),(499,'陈峰','河北省楠县永川哈尔滨路y座 274408','13333254026','shaoxiulan@hotmail.com'),(500,'孙建华','黑龙江省昆明市高港六盘水路i座 365537','15005494860','fang56@zheng.cn'),(501,'高建国','内蒙古自治区淑兰市高坪关岭路h座 371900','18716792960','renming@jieyong.cn'),(502,'李秀芳','甘肃省北京市魏都张家港路Q座 796188','18164519445','jun77@hotmail.com'),(503,'崔博','天津市通辽市璧山毛路p座 249185','15314963815','guiyingqiao@hotmail.com'),(504,'周倩','黑龙江省兴城市南溪马鞍山路n座 788566','15527120224','wanyong@gmail.com'),(505,'范秀荣','河北省博县海港上海路x座 269067','18915269588','jiangming@hotmail.com'),(506,'郝杰','内蒙古自治区太原县大兴宁德路k座 765306','13997327405','longlei@qiangjing.cn'),(507,'曾桂英','江西省通辽市徐汇萧街T座 254724','18917809111','xiulanyi@hotmail.com'),(508,'李俊','湖南省张家港市闵行成都路b座 700623','18258446633','liwei@minwei.cn'),(509,'林琴','重庆市武汉县上街石街z座 452352','15905168771','cfu@gmail.com'),(510,'李秀荣','湖南省阜新市城东南宁路r座 472457','13252844622','jun06@qiaozhong.cn'),(511,'赵莉','海南省颖市梁平李街v座 487193','18946723954','yyang@54.cn'),(512,'党玲','安徽省玉英市高明嘉禾路r座 547564','15590932683','leihan@guiyingtao.cn'),(513,'刘刚','澳门特别行政区玉梅市永川刘街O座 347555','18024874182','taocheng@jing.cn'),(514,'余雪','安徽省玉华县海港石家庄路h座 244112','15225432040','duanxia@liu.org'),(515,'吴畅','澳门特别行政区重庆县大东杨路j座 883564','13700926543','guiyingsun@yong.cn'),(516,'柳瑜','安徽省兵市西夏孙路M座 729473','13183995463','qiangchang@fx.cn'),(517,'罗婷婷','湖南省巢湖县沙市深圳街A座 403506','15657419996','dingming@shen.cn'),(518,'欧阳欢','北京市成都市孝南辛集路l座 340617','15837050629','fjin@yahoo.com'),(519,'杨秀芳','甘肃省佳市龙潭阎路h座 550110','18014900429','guiyingsun@gt.cn'),(520,'周坤','江苏省兰州县浔阳沈阳路m座 282586','13246418088','renjing@hotmail.com'),(521,'王小红','四川省澳门县花溪刘街j座 960414','15948892368','bmeng@13.cn'),(522,'袁红霞','辽宁省六安县怀柔宋路z座 364073','14570472952','pingzeng@gmail.com'),(523,'孟秀英','香港特别行政区红梅市萧山广州路j座 391006','13851757837','songfang@gmail.com'),(524,'吴超','北京市秀云县浔阳北镇路R座 484456','13459784652','gangtang@su.cn'),(525,'黄瑞','湖北省玉梅县长寿陈路U座 325298','15057585005','pkong@fs.cn'),(526,'李志强','广东省婷婷县崇文长春街d座 668995','18613525702','yong33@fh.cn'),(527,'骆秀兰','香港特别行政区玉兰市城东邯郸路G座 872851','15706954387','ilin@rl.net'),(528,'金玉华','河南省桂香县西峰颜路n座 291053','13295162786','jliao@yahoo.com'),(529,'吴建平','香港特别行政区倩县蓟州北京街q座 763423','15045983774','xiaxiong@68.com'),(530,'李瑞','甘肃省长春县华龙曾街a座 708273','13736387550','oyi@36.cn'),(531,'陈柳','甘肃省建平市翔安袁街A座 290846','13805354285','axu@luo.cn'),(532,'戴刚','辽宁省荣县西夏彭街l座 665783','18967850916','min00@yahoo.com'),(533,'谭平','内蒙古自治区凯县清河贵阳街z座 290490','18292376174','mingzou@nayan.cn'),(534,'邓飞','黑龙江省晶县崇文南昌街k座 180306','18214417898','minyan@yahoo.com'),(535,'安桂珍','陕西省波市西峰东莞街A座 892309','15775895527','chao80@21.cn'),(536,'孙秀英','山东省永安市萧山张街e座 254189','13279158305','kdai@hotmail.com'),(537,'李玉英','四川省哈尔滨市六枝特澳门街f座 740638','18699942902','xiuying95@yahoo.com'),(538,'余凤英','吉林省兴安盟县永川拉萨街m座 491867','13649478043','yinxia@tao.com'),(539,'胡雪梅','云南省俊市普陀余街q座 614533','13371090676','fangzeng@shen.cn'),(540,'杨俊','海南省佳市新城马街L座 748748','13127721985','duanjie@yangxia.cn'),(541,'欧小红','山西省小红县新城兴安盟街b座 258238','15151033568','cuilei@ganggao.cn'),(542,'郑龙','陕西省洁县清河沈阳路e座 556748','13189730575','mliu@xiulan.org'),(543,'崔秀兰','宁夏回族自治区磊市门头沟叶路x座 188291','15069432262','yong21@yahoo.com'),(544,'叶龙','青海省辛集县蓟州上海路S座 362165','14794142589','jie30@gmail.com'),(545,'吴丽华','辽宁省玉兰市清城兰州街u座 511679','13743132830','xiulankong@gmail.com'),(546,'罗春梅','福建省秀珍县沙市张家港街J座 800459','15836341102','yang75@hotmail.com'),(547,'颜凯','内蒙古自治区天津县高坪关岭街B座 485093','13154290892','ayan@gmail.com'),(548,'李丽娟','广东省合山市沈河郑州路z座 378886','18160836551','namo@29.com'),(549,'侯桂英','海南省合山县长寿海门街v座 374664','15567300141','yong07@jingjie.cn'),(550,'刘金凤','广东省凤英县高港沈阳路a座 613371','18623867911','jiawei@86.net'),(551,'刘淑华','浙江省燕县孝南兰州街g座 884114','13515742508','kxiao@hotmail.com'),(552,'鞠桂英','上海市北镇市长寿成路D座 116400','15302682808','tmao@gmail.com'),(553,'梁楠','江西省乌鲁木齐市黄浦刘街w座 906452','18155306926','iyao@gmail.com'),(554,'邓平','北京市北京市淄川成都街k座 953257','13957711914','guiying21@jieliu.cn'),(555,'曹萍','广西壮族自治区宜都市东城汪街x座 409715','15584066469','jun59@lai.cn'),(556,'曹博','安徽省兴城县秀英张路j座 419489','18093771793','liding@guiyingqin.cn'),(557,'李琳','吉林省济南市高坪左街Y座 332855','15538416609','twei@vd.cn'),(558,'李杰','山西省博市门头沟陈街W座 709819','15894283454','liwen@xiuyingwu.cn'),(559,'蒋建华','辽宁省张家港县安次福州街B座 841132','15856459517','aliu@hotmail.com'),(560,'向桂香','浙江省宁县孝南马街u座 415173','18136611612','dxie@hotmail.com'),(561,'李淑兰','陕西省文县山亭胡街l座 891891','13002129235','juan47@juan.cn'),(562,'陈海燕','甘肃省凤英市清城刘路l座 261442','14591195083','wyu@18.cn'),(563,'曹楠','河北省桂荣市高港戴路J座 174629','18020852211','jun30@yahoo.com'),(564,'符秀梅','安徽省晨市黄浦天津街q座 837573','18567254961','mingfan@gaoqiao.cn'),(565,'张想','香港特别行政区强县城北石家庄街W座 651290','18021356935','baili@fangjun.cn'),(566,'王红霞','山西省西宁县普陀天津街A座 514036','13218801581','gongwei@yangli.org'),(567,'郭建军','广西壮族自治区东市南湖郑州街w座 391942','15791496846','rlong@79.cn'),(568,'晁阳','西藏自治区龙县锡山朱路l座 412035','18092522257','sunyang@gmail.com'),(569,'罗婷婷','吉林省武汉县璧山胡街J座 713723','18754687267','guiying14@taoqiang.cn'),(570,'张婷','广西壮族自治区明市萧山孙路g座 814587','18216659517','xiuyingzhu@gmail.com'),(571,'牟桂珍','河南省乌鲁木齐市黄浦魏路C座 373685','15515894799','czhao@si.cn'),(572,'郑丹丹','宁夏回族自治区英市新城王路v座 794204','18051297238','panwei@ow.net'),(573,'韩倩','湖北省雪县永川梁路J座 872083','18066095680','juan06@yahoo.com'),(574,'曾文','广西壮族自治区淮安县金平徐街P座 208535','15522356788','qzhu@yahoo.com'),(575,'黄丹','北京市鹏市沙湾兴安盟路u座 702678','13337612512','juan31@dong.cn'),(576,'吴洋','青海省永安市六枝特黄路U座 879102','13607673139','junjin@gmail.com'),(577,'李旭','广东省香港市黄浦齐齐哈尔路j座 392430','18526762709','zxie@gmail.com'),(578,'胡燕','湖北省东莞市朝阳涂街L座 857969','15092708929','min59@gang.cn'),(579,'谢洁','西藏自治区华县丰都沈阳街k座 651054','13933827355','hxiang@an.cn'),(580,'廖旭','香港特别行政区荆门市新城谌街c座 717712','13205949931','esu@lei.cn'),(581,'马凤英','黑龙江省红梅市怀柔上海街T座 921404','13159310411','ping15@hotmail.com'),(582,'刘丽丽','青海省淑华市华龙申街c座 373620','13067601407','jchang@59.net'),(583,'杨俊','黑龙江省杨县西峰关岭路x座 120666','15183937156','gangzhou@juanyang.cn'),(584,'阎小红','北京市六安市双滦呼和浩特街j座 168155','13761329198','caixiulan@gmail.com'),(585,'李琴','海南省淮安县梁平太原路q座 189092','13627517667','xiulanjiang@xiulanxiang.cn'),(586,'姜秀英','云南省齐齐哈尔市翔安颜街n座 372459','14500905768','eyi@nachang.cn'),(587,'王俊','河南省郑州县永川张路Q座 710137','15716661055','pengtao@tang.cn'),(588,'刘平','吉林省杨县城北广州路E座 569929','18919617832','xiadong@xiulanmin.cn'),(589,'韦英','广东省南昌县南湖石家庄路j座 377082','18044954982','sxia@ye.cn'),(590,'赵颖','浙江省兵市新城昆明路o座 698931','18176025053','caijun@yahoo.com'),(591,'冯洁','湖北省志强县高坪徐路A座 853796','13865160405','weisong@yahoo.com'),(592,'符玉梅','广西壮族自治区建国市滨城冯路z座 983676','13803729945','chenyang@08.cn'),(593,'司桂芝','西藏自治区丽娟县友好拉萨路Q座 273988','14588668021','ptian@hotmail.com'),(594,'黄丽丽','陕西省武汉市清浦广州路o座 918419','18785555585','wzhu@ay.cn'),(595,'王婷婷','北京市霞县华龙贺路a座 678349','18668167196','huangjing@bk.net'),(596,'吴林','新疆维吾尔自治区淑兰县东城六盘水路G座 841072','15083358091','oliu@jingwu.cn'),(597,'周岩','上海市永安市普陀张路D座 956194','15071313607','wei56@gmail.com'),(598,'郑建华','黑龙江省张家港市静安合肥街D座 111315','15818076455','linjing@yahoo.com'),(599,'莫雷','山西省桂花县清浦但路M座 855995','14584393712','jing28@gmail.com'),(600,'孟玉兰','河南省荆门县和平许路m座 890724','18114568998','xia87@jie.cn'),(601,'聂佳','山西省建华县长寿赵路z座 553844','15888982804','apan@gmail.com'),(602,'王淑兰','陕西省畅市江北兴城街i座 802933','18940814199','zmao@yahoo.com'),(603,'袁桂花','贵州省雪梅县大东西安路B座 411850','15196384002','junxiong@yx.cn'),(604,'蔡春梅','湖南省杰市大兴韦路e座 896747','13381669944','yanglin@lijiang.cn'),(605,'匡婷','湖北省南昌市吉区蔡路J座 417630','13853479365','chao13@hotmail.com'),(606,'陈建国','湖北省大冶县大东巢湖街E座 739071','13502639266','dxiang@hotmail.com'),(607,'郭桂芝','江苏省梧州县兴山齐齐哈尔路S座 616401','13791177237','jinyan@songfeng.cn'),(608,'张琴','宁夏回族自治区东市牧野潮州街w座 448197','15283183850','leiqian@hotmail.com'),(609,'申波','西藏自治区南京市朝阳香港街I座 513827','13730359773','jlu@yahoo.com'),(610,'刘秀华','上海市长沙县友好郑州街p座 769362','14579923565','xiuyingyang@yahoo.com'),(611,'刘帅','河北省春梅县清城太原路h座 332281','18248007507','gangduan@04.cn'),(612,'孔莹','江苏省沈阳县兴山许路S座 353175','14554348170','lei20@81.cn'),(613,'苏军','山西省婷婷县龙潭冯路q座 518560','13776308814','minjin@gmail.com'),(614,'陈桂香','江苏省冬梅县海陵梁街U座 245208','15370934843','xiawen@junjing.cn'),(615,'齐雪梅','新疆维吾尔自治区北京县怀柔曾路h座 426889','13279423309','sliang@gmail.com'),(616,'姜桂芳','黑龙江省荆门市沈北新辽阳路R座 913567','18709865193','min96@gmail.com'),(617,'张梅','广东省兴城市龙潭张街M座 590809','15329658897','fhu@hotmail.com'),(618,'何晶','河南省福州县浔阳兰州街n座 945220','13785931544','luoxiuying@hotmail.com'),(619,'陆华','青海省马鞍山县魏都王路z座 378531','15147087876','ujia@gmail.com'),(620,'夏金凤','安徽省嘉禾县花溪路街m座 641177','15543626024','xielei@gmail.com'),(621,'韦文','黑龙江省潮州市华龙刘街s座 220245','13221597340','jing60@liangdeng.net'),(622,'陈桂芳','海南省兴安盟市山亭孟路T座 509912','15581468872','qqiao@yahoo.com'),(623,'杨俊','福建省巢湖县长寿兴城路K座 809211','13168457152','nagu@xiulan.cn'),(624,'萧秀芳','河北省成都县门头沟徐路o座 514493','18061107401','tsu@45.cn'),(625,'潘志强','台湾省南昌市南湖宁德路a座 238703','13843226353','ffeng@gmail.com'),(626,'孙博','内蒙古自治区超市怀柔廖路I座 328912','15965374670','hanyang@xiayang.cn'),(627,'张志强','广西壮族自治区晶县上街南昌街R座 791892','15853205955','min85@gmail.com'),(628,'崔建国','台湾省荆门市闵行方路H座 955699','13657942252','xiaping@jintang.cn'),(629,'张斌','广西壮族自治区博县永川台北街A座 252709','13427184683','pzou@gmail.com'),(630,'任桂芝','宁夏回族自治区健县花溪杜路Q座 341304','13285517584','jingwu@yahoo.com'),(631,'宋玉华','青海省乌鲁木齐市兴山南宁街D座 702722','13254771080','dongguiying@hotmail.com'),(632,'刘秀云','香港特别行政区丹丹县西夏刘街E座 931812','13897407098','juanpeng@gmail.com'),(633,'陈淑华','西藏自治区佳县花溪兴安盟路b座 469442','13374741430','lumin@caocui.cn'),(634,'黄兰英','广西壮族自治区鹏县崇文北京路C座 766281','13094498924','luoyong@shenwu.cn'),(635,'朱玉华','台湾省宜都市蓟州合肥路x座 994134','13117915752','yongliang@gmail.com'),(636,'朱桂花','澳门特别行政区辽阳市山亭齐齐哈尔路e座 595155','14541010468','chengli@haoli.cn'),(637,'周佳','海南省杨县滨城海口路Q座 451437','15245645371','yang77@hu.cn'),(638,'周志强','贵州省兰州县长寿关岭路G座 174858','15643390191','jingliao@yahoo.com'),(639,'张玲','内蒙古自治区璐市黄浦杨街R座 979298','18836722350','minwei@jun.cn'),(640,'刘丽','江西省巢湖县南湖长春路m座 650783','15177361383','yang18@hotmail.com'),(641,'徐莹','陕西省北镇县蓟州黄街V座 577877','18077419493','gtang@hotmail.com'),(642,'韩雪','北京市兴安盟市淄川董路u座 140293','15113086644','lili@iy.cn'),(643,'董桂芝','辽宁省东莞市房山王街i座 651850','13280744686','yangfang@hotmail.com'),(644,'陆阳','江苏省梧州市滨城朱街D座 769292','15794883706','yanren@gmail.com'),(645,'高雪梅','江苏省宁县静安合肥街T座 994033','13694014051','dengguiying@guiyinggang.cn'),(646,'汤桂芝','新疆维吾尔自治区武汉县秀英黄街a座 452009','13786381411','mxiang@gmail.com'),(647,'郭想','湖南省红梅市清浦兰州街h座 813188','15987632428','jinmin@gmail.com'),(648,'张楠','北京市芳县秀英韦街A座 439423','18781053459','cfang@hotmail.com'),(649,'李桂珍','台湾省广州县西夏姜街w座 364474','13431617127','lianggang@jing.org'),(650,'孟莉','河南省海门市沙市嘉禾路J座 389518','13756305327','li22@yangjun.cn'),(651,'王欣','宁夏回族自治区桂荣县锡山黄街v座 658291','13059267663','zhangxiulan@li.cn'),(652,'吕瑞','广东省汕尾市双滦王街g座 431385','13970613857','oxiao@hotmail.com'),(653,'杨琴','山东省荣市闵行齐齐哈尔街Y座 462148','15864914836','duanyan@gmail.com'),(654,'刘磊','广东省兴城县高明高路k座 629701','18660510946','xiuying31@fenggong.cn'),(655,'徐晶','安徽省桂芝市白云永安街P座 557453','15821531538','xiuying42@luo.com'),(656,'任洁','山东省晶县新城侯路E座 502817','15705925368','juan34@panhu.cn'),(657,'倪玲','天津市石家庄市蓟州韦街r座 630476','14705315964','leigu@yanwen.cn'),(658,'孙冬梅','甘肃省永安市怀柔阜新街n座 603522','13201502841','uqiao@xiuying.cn'),(659,'刘红梅','海南省齐齐哈尔县合川南昌路R座 849005','18994285931','xluo@gmail.com'),(660,'高晨','山西省济南县城东陈街K座 460101','15280534413','yanzhang@minyong.cn'),(661,'刘红','山东省辛集市萧山蒋路G座 785105','15546557315','fang12@gu.cn'),(662,'陈阳','福建省静市翔安六安街O座 222004','13203868399','yijie@hotmail.com'),(663,'杨娟','云南省杭州市清河杜街G座 347359','15963266936','xialiang@yahoo.com'),(664,'李波','北京市丹丹市龙潭王路q座 313878','15833961488','zouqiang@hotmail.com'),(665,'焦畅','澳门特别行政区华县南溪西宁路m座 959259','18905093480','xiangjun@junzhao.cn'),(666,'李倩','天津市平县城东广州街e座 779237','18856534384','jie17@yahoo.com'),(667,'赵丹丹','江苏省淑华市上街郭街m座 413301','18019510168','qinyan@pan.net'),(668,'周龙','西藏自治区娜县兴山汕尾路I座 795555','18016140205','li46@chaomeng.cn'),(669,'程婷','天津市小红县房山兰州街C座 583639','18078736543','na74@hotmail.com'),(670,'董凤兰','辽宁省南京市浔阳夏街L座 796564','18013077133','nasong@hotmail.com'),(671,'曾彬','澳门特别行政区马鞍山县朝阳阎路O座 283983','18056857974','gang04@yk.cn'),(672,'程婷婷','云南省荣县南溪马鞍山路S座 338836','15890244435','weitao@yahoo.com'),(673,'梁雪','台湾省华县西夏高路W座 654357','15141056044','gyan@yahoo.com'),(674,'王秀英','吉林省冬梅县滨城董街i座 325962','15720667837','ming31@gmail.com'),(675,'林桂芝','澳门特别行政区宁市永川潮州街w座 207126','18708681605','wei87@gmail.com'),(676,'龚玉华','海南省桂兰市和平通辽路M座 929567','18047797681','na00@yahoo.com'),(677,'马楠','台湾省金凤市南溪齐齐哈尔路Y座 300894','18764983890','yanwan@gmail.com'),(678,'左彬','新疆维吾尔自治区志强县东城赖街J座 406303','18715084884','maoming@li.cn'),(679,'刘娜','台湾省楠县龙潭柳州街E座 331079','18626678177','tanlei@gmail.com'),(680,'王建平','江苏省南京县高港海口路H座 450799','13044928957','mchang@xiuyingzhu.cn'),(681,'陈亮','江苏省荣市梁平张路X座 338017','13077055039','ming10@yahoo.com'),(682,'王军','西藏自治区海口县大东张街J座 224980','15313927227','ljia@hotmail.com'),(683,'陈建','陕西省汕尾市花溪周街N座 273275','18660006449','juan51@gmail.com'),(684,'王洋','四川省齐齐哈尔县南长兴安盟路G座 971355','15730451571','isong@yahoo.com'),(685,'尚丽','北京市志强县城北罗路R座 417922','13549872622','yiwei@li.cn'),(686,'隋丽丽','上海市楠市兴山阜新街s座 199954','13513731243','liwu@gmail.com'),(687,'李静','贵州省秀兰县高港张街z座 920449','18165665634','gang64@hotmail.com'),(688,'李建华','重庆市张家港市魏都杜路g座 274487','13291358396','exiao@xiangtao.org'),(689,'吕桂芳','江苏省欣县东城太原路k座 288113','13792902027','xdu@xie.cn'),(690,'张丽华','新疆维吾尔自治区亮县崇文嘉禾街j座 149006','13970815671','yanchang@yahoo.com'),(691,'李刚','河南省大冶市城北佛山街D座 619526','15964929014','nahan@weifang.org'),(692,'李桂英','湖北省贵阳县白云张路n座 655373','18135063938','xiachao@yd.cn'),(693,'郑淑英','福建省银川市双滦昆明街J座 321144','15252723940','chao84@yahoo.com'),(694,'鞠琳','北京市莉市友好杨街V座 482002','13285156278','leipeng@yahoo.com'),(695,'周敏','浙江省惠州市永川宋路O座 464288','18692218459','pingqin@yahoo.com'),(696,'王飞','重庆市北镇县萧山辽阳街N座 604258','13829697546','pingjiang@minjin.cn'),(697,'霍桂香','湖南省郑州县清浦耿街G座 693099','15148751400','jzhong@yahoo.com'),(698,'李玉','内蒙古自治区岩县西夏牛街u座 252923','15297703820','wei68@fan.cn'),(699,'王坤','内蒙古自治区杰县魏都昆明路Z座 482192','15604725553','chaofu@yahoo.com'),(700,'王杰','山东省长春市大兴高街U座 357376','18857796657','xiaoming@hotmail.com'),(701,'展桂珍','广西壮族自治区海门县长寿成都街C座 515436','13523579755','achen@liu.cn'),(702,'王淑华','云南省汕尾县南长张街W座 411634','13328234272','wei45@mingwu.cn'),(703,'冯秀云','青海省昆明县沙市长沙路b座 844941','18704793156','tianjun@yongping.cn'),(704,'孙桂荣','四川省荣市沈北新杭州路V座 266874','14791295739','fang00@min.cn'),(705,'谢博','河南省颖市城东沈阳路d座 556929','14598250367','fangding@hotmail.com'),(706,'张倩','香港特别行政区张家港市永川沈阳街O座 999353','13841591199','nzheng@xia.cn'),(707,'李利','湖北省丽县大东徐路S座 219789','15220674047','na54@qg.net'),(708,'何颖','吉林省晶市蓟州辛集路K座 597832','18875417856','zhongchao@gmail.com'),(709,'黄霞','四川省西安县友好王路k座 731693','15552965993','litao@natao.net'),(710,'李颖','河北省拉萨县普陀谢路C座 704989','18951553338','fengjuan@jingqiang.cn'),(711,'杜峰','新疆维吾尔自治区建军市山亭乌鲁木齐街U座 299664','13653211527','axiong@xieqin.cn'),(712,'张敏','香港特别行政区丹县海陵福州路q座 554428','15070945319','wei20@gmail.com'),(713,'陆淑英','湖南省明市南溪六安路G座 175420','13190334868','fanghe@qiuliu.cn'),(714,'刘芳','重庆市广州市山亭西安路d座 980863','13033719467','juanxia@houyan.cn'),(715,'王建','广西壮族自治区志强县高港潜江路E座 436102','18976101993','tangming@yahoo.com'),(716,'高想','河南省嘉禾市花溪朱路V座 260237','18899875429','li02@qiu.net'),(717,'张娜','上海市惠州市上街南昌路n座 281282','18291762895','dpan@hotmail.com'),(718,'林瑞','青海省莉县淄川宜都路k座 818983','15295438659','chao55@hotmail.com'),(719,'李桂珍','台湾省桂珍县房山周路w座 660833','13758792563','zhujuan@junxiao.cn'),(720,'李辉','吉林省海口市翔安马鞍山路j座 394253','18590002680','weishen@yang.cn'),(721,'关浩','北京市秀珍县六枝特苏路j座 745470','13600284912','fang28@gmail.com'),(722,'苏彬','广东省想市萧山合山街O座 666136','13013460127','qiang33@hotmail.com'),(723,'张春梅','上海市张家港市沈河西宁路z座 434303','13010054146','hliu@gmail.com'),(724,'张冬梅','新疆维吾尔自治区晶市闵行张路K座 634590','18668257246','qiangyu@hotmail.com'),(725,'李璐','内蒙古自治区西宁市南湖赵路s座 173871','18219051280','syin@fuyao.net'),(726,'萧斌','青海省关岭市沙湾长沙街E座 756311','15174601004','kduan@38.cn'),(727,'吴丽丽','澳门特别行政区西宁县清城白路o座 818970','18824445494','duanxiuying@91.cn'),(728,'黄婷','河南省张家港市兴山贵阳路P座 999463','14599256015','zyin@na.cn'),(729,'杨兰英','湖北省丹丹县房山唐路O座 146144','14778219347','guiyingyi@yf.cn'),(730,'曾欢','陕西省齐齐哈尔市长寿永安街d座 180228','18076910768','liangyang@90.cn'),(731,'杜婷婷','西藏自治区巢湖市城北韩路p座 375337','13856892308','phou@87.cn'),(732,'石建平','黑龙江省雷市花溪汪街K座 520907','18886820256','xiulan51@hotmail.com'),(733,'陈秀云','山东省帅县高港潮州街C座 152908','13429145218','yangqiang@guiyinglu.cn'),(734,'吴晨','青海省兰州县六枝特东莞街s座 890259','14728168379','mingdu@gmail.com'),(735,'卢明','甘肃省西宁市西夏庞路L座 409241','15893602714','fangxia@fang.cn'),(736,'姬凤兰','福建省深圳县魏都西宁街q座 805219','13680784865','ufang@yahoo.com'),(737,'郑小红','贵州省永安市城北李路I座 461906','18655543496','tanggang@jianglong.cn'),(738,'张兰英','湖南省马鞍山县高坪韦街K座 635479','15891048143','yan53@yahoo.com'),(739,'王桂荣','江苏省淑英县大兴方路h座 600130','13573196371','liuxiuying@rs.com'),(740,'凌杰','江西省香港县华龙杨街Y座 926202','13637805227','junwei@guolai.cn'),(741,'骆桂英','天津市玲市高坪辽阳街r座 285413','15288487017','xia34@gmail.com'),(742,'赵俊','甘肃省哈尔滨市魏都重庆街U座 670957','14763737965','mingkong@gmail.com'),(743,'张玉梅','河北省红霞县翔安成都路U座 408451','13203213251','izhong@yahoo.com'),(744,'叶秀云','湖北省深圳县南长宁德街C座 968301','15544182170','juanzeng@yahoo.com'),(745,'金丽丽','香港特别行政区飞县友好关岭街l座 994179','13008607875','panping@gmail.com'),(746,'张欣','内蒙古自治区柳市徐汇天津街Z座 782527','13568152243','jiamin@yahoo.com'),(747,'康秀兰','辽宁省成都市萧山梁街X座 394617','15720789523','na64@feng.org'),(748,'王秀梅','台湾省强市南溪六盘水街u座 121957','13356461121','baimin@gmail.com'),(749,'唐瑜','甘肃省杭州市南长郭街Q座 635737','13497402974','guiyingduan@yang.cn'),(750,'漆冬梅','江西省玉珍市清河徐街Y座 352394','15268209510','gangye@wang.cn'),(751,'张凤兰','西藏自治区梧州县梁平杨街K座 957533','13586633930','sduan@gmail.com'),(752,'苏健','西藏自治区军县江北邢路f座 740739','14551697152','xia52@re.cn'),(753,'陈玲','内蒙古自治区嘉禾市黄浦阜新街M座 941262','15952618258','kliang@gmail.com'),(754,'刘建','广西壮族自治区慧市龙潭吕街R座 280660','13988975422','jdu@hotmail.com'),(755,'莫阳','河北省宁县双滦王路J座 178184','15980138205','yongfang@gmail.com'),(756,'周静','香港特别行政区婷婷县金平郑路G座 583775','13651801743','kangyong@xue.cn'),(757,'王丽','湖北省凯市清浦仇街i座 142930','13439400070','esu@ss.cn'),(758,'张桂芳','北京市楠市黄浦西宁街w座 404782','13711022250','yangwang@hotmail.com'),(759,'田冬梅','青海省海门市朝阳王路F座 202268','13925845154','xiuyingliu@yahoo.com'),(760,'仇阳','上海市艳市沙湾银川路e座 430960','13238517717','qianyong@licui.com'),(761,'彭玲','上海市呼和浩特县海陵关岭街W座 829298','13603104891','liyan@gangzhou.cn'),(762,'高磊','香港特别行政区南京县江北李路v座 371849','13162743896','mengyong@juanxiuying.net'),(763,'乔鹏','山东省玉市东城罗街j座 335923','13319267002','pengjing@gangjie.cn'),(764,'贺秀华','湖南省辉市孝南许街D座 668259','15880824888','xiuying56@xiulan.cn'),(765,'潘晶','陕西省福州市浔阳何路i座 187369','13375650453','weiliao@changzeng.cn'),(766,'陈雪','山西省霞市城东齐齐哈尔街V座 215114','15014242552','zhaowei@hotmail.com'),(767,'蔡宁','江苏省亮县和平西安路H座 540490','14562941520','wsu@fang.cn'),(768,'黄鑫','湖南省郑州市城北成都路B座 161904','13952563186','qiulei@hotmail.com'),(769,'冯瑞','北京市成都市西夏王街r座 698545','18912986873','yang31@gmail.com'),(770,'陈成','吉林省宜都县沙湾米街y座 357153','15181112010','dwu@hotmail.com'),(771,'邢婷','北京市西宁县和平张家港街a座 929884','15719948465','pingma@wu.cn'),(772,'梅杰','西藏自治区哈尔滨市安次北镇路P座 558188','13460718520','xiulan80@yahoo.com'),(773,'吴畅','湖南省合肥县沈北新刘路j座 754747','14736202988','xiuyingdai@yahoo.com'),(774,'戴秀荣','湖北省鑫县和平潜江街C座 887587','15843130605','yyi@yahoo.com'),(775,'宋冬梅','澳门特别行政区红市涪城邯郸路Y座 918571','13743259144','tao90@gmail.com'),(776,'谢雪','广东省琳市上街南昌街l座 132058','13533552706','ming80@yahoo.com'),(777,'刘凤兰','黑龙江省旭市闵行武汉路e座 865642','13938618898','qyuan@pp.cn'),(778,'李想','北京市莹县丰都董路y座 535237','15559008666','bshi@dingdai.cn'),(779,'赵倩','吉林省杭州县浔阳张路j座 336062','13516034015','fangzheng@hotmail.com'),(780,'吕英','青海省浩市合川黎路r座 318978','13121312364','tanjie@wangding.cn'),(781,'马欣','河北省淮安县梁平福州街J座 723754','15636875864','xiulandeng@xiang.org'),(782,'李兵','西藏自治区北镇县南湖福州路E座 562544','13513575854','xiuying20@np.cn'),(783,'季莉','浙江省哈尔滨市房山郭街y座 648145','14586501111','weiping@yuan.cn'),(784,'宋琴','香港特别行政区佳市涪城刘街o座 488517','18525219322','xiuying28@lu.cn'),(785,'张秀云','福建省佳县滨城张路x座 657933','13874690481','juan14@wan.cn'),(786,'黄淑兰','云南省阳县安次陈路D座 255809','18141675743','jing39@rc.cn'),(787,'萧斌','北京市建国市大东李街S座 995728','18038722989','nachang@guoxiong.cn'),(788,'李兰英','重庆市倩市新城陈街p座 256512','15009713664','liaojuan@mintao.cn'),(789,'陈磊','青海省想县高明张街l座 405510','18562101989','naliu@xiuyingyang.net'),(790,'李淑珍','香港特别行政区南宁市沙市冯街S座 549706','15743301909','mzhong@gang.cn'),(791,'徐超','辽宁省霞市沈河香港路N座 363781','18581762595','taojie@69.cn'),(792,'李荣','江苏省嘉禾市合川张街n座 571360','18626337743','xuechao@gang.org'),(793,'马霞','江苏省鹏县高港呼和浩特路j座 333263','15782613650','chao59@pingwei.cn'),(794,'李凤英','广西壮族自治区佛山县高坪王路L座 133179','15774133161','xia65@wei.cn'),(795,'丁玉英','天津市伟县沙市兴安盟路U座 721302','13545292086','zhujing@yahoo.com'),(796,'秦红','香港特别行政区西安市海港池街j座 710316','14545648024','yang92@mt.cn'),(797,'刘冬梅','浙江省玉县东城南宁街P座 998049','13376842430','elai@yahoo.com'),(798,'聂秀兰','安徽省天津县吉区孙街j座 357127','14532025323','na74@yahoo.com'),(799,'曾玉','湖北省深圳县浔阳深圳路q座 393485','18891477376','zhongyang@91.cn'),(800,'刘琴','吉林省淑华县上街郑街W座 475036','13747506131','kliang@gangzhong.cn'),(801,'李秀荣','上海市广州市长寿北镇路w座 176148','13411887423','ydeng@hotmail.com'),(802,'王秀芳','江西省大冶县大兴南昌街i座 327888','15656711883','zhongjie@gmail.com'),(803,'吴玲','陕西省广州市西峰吴路i座 679015','15142628918','ywang@hotmail.com'),(804,'陈强','河北省兴城县崇文张路B座 187934','13461582421','hcheng@gmail.com'),(805,'尹建国','浙江省楠县清浦汕尾街B座 696853','14726881197','shenxiulan@xiuying.cn'),(806,'李林','山东省瑜市蓟州刘街s座 786254','15168321467','yanfang@guiyingmin.cn'),(807,'王桂荣','江苏省坤县闵行张家港街z座 622886','13509543609','na92@gmail.com'),(808,'高旭','江西省南京县花溪北镇街K座 635754','15576429903','jing66@gmail.com'),(809,'罗玉英','河北省浩市花溪永安街G座 867445','15050607555','ping99@41.cn'),(810,'罗彬','江西省玲县沙湾涂街c座 889574','18825183346','weiliao@gmail.com'),(811,'刘楠','江苏省关岭县璧山辽阳街c座 680833','15952308219','xia14@gmail.com'),(812,'吴桂珍','福建省梧州县安次兴城路X座 411040','15244221843','baixiulan@juanxiuying.net'),(813,'胡东','广东省天津市金平南昌街R座 370031','13596657478','hexiuying@bm.cn'),(814,'陈玲','广西壮族自治区沈阳县南湖雷街Q座 744465','15872146645','mingzhu@zengmeng.cn'),(815,'杨鑫','福建省红霞县沈河李街k座 105735','15352394109','zhangfang@hotmail.com'),(816,'鞠玉','新疆维吾尔自治区秀芳市梁平王路Q座 277578','18220959330','zbai@gmail.com'),(817,'卢杨','北京市银川市西峰兰州路N座 389234','15604203649','min22@pw.net'),(818,'王淑英','陕西省拉萨县静安许路B座 622904','18056099081','qiang20@yongli.cn'),(819,'陈桂英','陕西省丹县城北蔡路r座 338934','15023750155','wei91@xiaozhong.cn'),(820,'孙磊','浙江省琴市璧山迟路e座 343393','15566897936','yjia@pingjuan.cn'),(821,'周建军','湖南省成都市黄浦张路E座 616379','18139827026','fantao@yahoo.com'),(822,'曹婷','新疆维吾尔自治区桂香市南长石家庄街q座 257184','18213931934','wei05@gmail.com'),(823,'叶琴','北京市西安县花溪武汉路w座 717876','13407240963','zhuyong@yahoo.com'),(824,'张凤兰','河北省哈尔滨市合川梁街e座 584485','15748052412','tao78@leixiulan.cn'),(825,'李小红','宁夏回族自治区宇市永川芦街I座 961019','18976641456','wanyong@yan.cn'),(826,'邓娟','河南省兴城市璧山天津街K座 512360','14522422823','fangxia@qiang.cn'),(827,'薄海燕','浙江省林市徐汇合肥街d座 271916','13540376656','huangli@min.cn'),(828,'赵文','云南省佳市萧山胡路j座 936218','13319428179','ichen@yahoo.com'),(829,'李磊','广西壮族自治区玉县沙市贵阳路t座 507329','15369309564','panmin@gmail.com'),(830,'陆琳','河北省玉英市城北仲路H座 323276','18725003447','xiaoyong@yongyong.cn'),(831,'杨丽娟','陕西省浩县翔安王路J座 307980','13522932962','chengtao@ming.cn'),(832,'朱桂兰','安徽省莉县大兴沙街N座 325905','15998575053','leidong@liangyu.cn'),(833,'姚洁','广西壮族自治区玉珍市吉区彭街x座 591037','13584615241','mingcheng@yahoo.com'),(834,'王桂芝','湖南省辽阳县西峰冯路V座 823033','15701744379','lilei@hotmail.com'),(835,'聂静','福建省畅市山亭丁路d座 137588','13358866181','zhaona@gmail.com'),(836,'梁雷','安徽省欣市花溪余路S座 901434','18226905311','shenxiuying@pingjuan.cn'),(837,'王建华','福建省呼和浩特县丰都程路a座 388865','15235827601','psong@hotmail.com'),(838,'张淑英','天津市太原市永川银川街x座 554692','14560584801','shenfang@jiemin.cn'),(839,'范成','辽宁省惠州市崇文沈阳街q座 457387','14542444757','xiongjie@pingxue.cn'),(840,'陈慧','香港特别行政区文县永川潮州街r座 220348','18752028975','iwu@luosun.cn'),(841,'刘婷','北京市红霞县翔安王街y座 514881','14701983297','lei83@jia.cn'),(842,'陈杰','四川省武汉县清浦郑街R座 552336','13152648870','jing69@yahoo.com'),(843,'王柳','浙江省柳州市永川关岭路I座 843702','15082696557','nacheng@yahoo.com'),(844,'赵俊','新疆维吾尔自治区金凤市沈河汕尾路f座 523457','18643925571','jiefang@jingna.cn'),(845,'王桂芝','内蒙古自治区天津县静安宁街Z座 284049','13163206101','xxu@xiuyingmin.cn'),(846,'鞠淑珍','广东省辛集县蓟州拉萨街d座 705457','18569627358','flin@hotmail.com'),(847,'郭淑兰','广东省玉英市闵行张街j座 495488','18974882025','cxue@yahoo.com'),(848,'赵俊','江西省芳县海陵商路L座 581065','14567874103','wqiao@guiyingjing.cn'),(849,'马波','广西壮族自治区银川市沙湾兴安盟路t座 269529','18040243218','liangfang@juanna.cn'),(850,'黄秀梅','上海市宜都县牧野通辽街e座 820641','14740770658','guiyingguo@fanghu.cn'),(851,'罗建平','西藏自治区荣县龙潭拉萨街A座 960934','14529004580','qiangren@yahoo.com'),(852,'陆凤兰','青海省潜江县清城嘉禾路w座 210263','14538776770','gangchen@juanlai.net'),(853,'王涛','辽宁省玲县魏都西宁路w座 552027','18231176190','jie70@hotmail.com'),(854,'巫欣','安徽省海门市山亭广州街H座 534333','13797024879','kliang@pa.cn'),(855,'林成','香港特别行政区淮安市沈北新张街P座 164121','18569720956','jie04@fangliu.cn'),(856,'张淑华','辽宁省凤兰县六枝特永安街E座 448594','14524588662','rxia@xuqin.com'),(857,'纪华','重庆市广州市沈北新孙街G座 540047','18581536455','taoshao@xu.com'),(858,'罗欢','北京市澳门县怀柔六安路X座 223109','14554451696','szhu@gmail.com'),(859,'倪斌','湖南省潜江市沙湾何路q座 199317','15515226249','ming91@hotmail.com'),(860,'朱文','广东省六安县南长香港街v座 741779','15643748630','mingyao@hotmail.com'),(861,'李凯','宁夏回族自治区合肥市六枝特南京街B座 978303','18051483509','ping05@gang.cn'),(862,'周健','台湾省兵市南溪福州街g座 365764','13923795038','yili@yahoo.com'),(863,'杨秀英','青海省倩市高明沈街X座 965928','13205894904','jun85@yahoo.com'),(864,'熊明','宁夏回族自治区柳州县高坪胡路h座 889668','18250794277','denggang@yahoo.com'),(865,'谢凤英','香港特别行政区济南县花溪梧州街D座 123222','15208508153','yijie@gmail.com'),(866,'赵志强','上海市颖市沈河赵路t座 617433','13215109542','ming92@yahoo.com'),(867,'徐龙','江苏省梅市魏都合肥路g座 247735','13027981061','huangyang@yahoo.com'),(868,'廖伟','香港特别行政区亮县南溪王街Y座 654645','15821801573','sfu@yahoo.com'),(869,'常辉','江西省海燕县静安南京街P座 380502','18867383763','cpan@hotmail.com'),(870,'李林','河北省永安县西夏永安街r座 384654','13882590085','fanjing@yahoo.com'),(871,'陈亮','西藏自治区拉萨市上街辛集街k座 931576','13409865038','ypeng@yahoo.com'),(872,'萧婷婷','山东省利市高明深圳路f座 404458','13400991788','jun05@gmail.com'),(873,'胡建华','河北省六安市闵行邯郸街M座 856804','13298342477','wei88@hotmail.com'),(874,'陈波','湖南省成都市双滦蔡路g座 669358','15700447652','qiang37@yahoo.com'),(875,'张桂英','山东省太原市花溪石街K座 944906','15574378949','cding@gmail.com'),(876,'向雪梅','重庆市关岭县上街熊街O座 861463','15014885226','ganggong@gmail.com'),(877,'刘杨','内蒙古自治区秀梅市六枝特西宁街l座 856595','13501724001','na29@91.cn'),(878,'吴建华','广东省飞市白云朱街I座 681351','18248946649','xia34@cv.org'),(879,'李桂英','江西省通辽市安次上海街f座 879978','15363036342','laixiulan@ren.cn'),(880,'陈文','甘肃省福州县蓟州乌鲁木齐街Y座 895940','13766915614','maoxiuying@hotmail.com'),(881,'李瑜','广西壮族自治区杭州县花溪刘街O座 289744','15558776783','weipeng@gmail.com'),(882,'丰宇','黑龙江省巢湖县双滦梁街e座 961912','15933713878','wjia@kongqin.cn'),(883,'卢秀荣','澳门特别行政区海口市蓟州巢湖街F座 316515','15320910840','weiwen@55.net'),(884,'许琳','内蒙古自治区宁德市合川太原街F座 520954','18525364420','fang26@hotmail.com'),(885,'蒋杰','青海省桂荣市怀柔傅路Q座 220360','18006169623','tdai@chaoqiao.cn'),(886,'郑桂珍','重庆市宁德市城北吴路D座 345884','13442174923','yandai@jinzou.cn'),(887,'刘亮','重庆市玉华市门头沟刘街I座 748488','13342154235','xueping@yahoo.com'),(888,'高玉兰','台湾省兵市孝南荆门街W座 671489','13287566047','ilin@94.net'),(889,'陈凤英','广东省雪梅县魏都广州街y座 617757','13904644293','dding@gmail.com'),(890,'郝建华','浙江省重庆县门头沟台北路X座 140159','13938178640','ulu@hh.cn'),(891,'郑玉','澳门特别行政区香港县金平成都路X座 461116','13084439479','luli@hotmail.com'),(892,'邓超','浙江省涛县孝南沈路X座 581681','18045263618','dengna@jie.org'),(893,'洪想','辽宁省刚县沙湾麦街D座 191769','13981597771','ming46@yang.cn'),(894,'沈凤英','贵州省潮州县金平冯街U座 983744','13800438754','pingduan@yangfang.cn'),(895,'徐凯','湖南省秀英县永川瞿路f座 504541','15085878548','weiqiao@gmail.com'),(896,'阴玉梅','湖北省兴城县新城齐齐哈尔路A座 327045','13329291965','ming62@55.cn'),(897,'傅建国','福建省淮安县和平西宁路Z座 122956','15170436940','yan25@gmail.com'),(898,'胡坤','江苏省海口市东丽重庆街Q座 764309','15887208243','weiyu@chao.cn'),(899,'梁丹','澳门特别行政区雪梅县牧野缪街V座 643539','15097492361','yangyang@hg.cn'),(900,'王秀英','江西省嘉禾市牧野郝街r座 930997','15693736437','weihou@juanmin.cn'),(901,'聂荣','江西省柳县南溪卢路a座 182498','15349086771','juan73@gmail.com'),(902,'赵彬','湖南省兰州市萧山严街c座 674083','18912237180','ktan@hotmail.com'),(903,'姚洁','安徽省永安县崇文西安路f座 483507','18169308034','chao53@hotmail.com'),(904,'陈健','北京市欢县山亭曹路u座 424863','13220777195','fufang@86.cn'),(905,'徐浩','广西壮族自治区博县山亭宁德路a座 500654','13704542013','uyan@gmail.com'),(906,'胡明','内蒙古自治区平县沈北新郭路X座 623162','15563147487','imo@jia.cn'),(907,'陈玉华','重庆市兵市西峰柳州街H座 685143','13064220197','wugang@jiang.cn'),(908,'李斌','台湾省飞市朝阳徐街h座 446875','15385648403','wei75@es.cn'),(909,'祝凤兰','黑龙江省楠市房山哈尔滨街t座 283790','18668544206','xiulanwan@ming.cn'),(910,'金晶','贵州省雪县龙潭张街d座 374544','15512127627','panxia@37.cn'),(911,'刘丹','黑龙江省芳县花溪蓝街q座 682568','15734999274','fang15@yahoo.com'),(912,'蔡超','山西省玉珍市高坪沈阳路v座 784712','14583448740','yong53@nayin.cn'),(913,'朱峰','香港特别行政区辽阳市黄浦深圳街f座 309201','18722727816','bjia@xiuying.cn'),(914,'刘秀华','湖南省银川县白云魏街g座 346465','14760264095','lmo@gmail.com'),(915,'王红梅','安徽省海门县孝南张家港路R座 310757','14729460079','guiying73@ming.cn'),(916,'黄洋','福建省南宁市六枝特王街x座 891577','14763959885','min52@gmail.com'),(917,'岳琳','澳门特别行政区鑫县朝阳万路L座 941756','15754798216','jun16@yahoo.com'),(918,'武飞','吉林省萍县丰都赵路k座 601830','14574407482','lxia@yahoo.com'),(919,'秦建军','上海市畅市西夏淮安路J座 759756','18514501941','weisu@hotmail.com'),(920,'崔强','吉林省哈尔滨县萧山李路j座 639439','13050327884','guoming@yahoo.com'),(921,'方淑华','四川省宁德县秀英重庆街W座 113863','14521729449','nwang@gmail.com'),(922,'赵桂英','海南省建国市淄川吕路z座 180040','15858354044','tao62@gmail.com'),(923,'杨建国','上海市淑珍县浔阳杨街Z座 798788','13558417611','fwen@yahoo.com'),(924,'唐旭','吉林省艳县城北南京街p座 834204','15251639337','juan63@fi.cn'),(925,'陈旭','山东省永安县南长王街b座 993595','13555715220','jiangguiying@gmail.com'),(926,'顾岩','吉林省小红市高明徐街V座 113236','14796181137','xia64@guiying.cn'),(927,'何杰','香港特别行政区通辽市平山南昌路c座 108702','13639636295','tmeng@jinduan.cn'),(928,'俞秀英','湖北省兰州县朝阳陈路b座 781696','13899882784','ihu@pingmin.cn'),(929,'何玉','贵州省哈尔滨县魏都傅路t座 243220','18815712698','yong34@qinwei.cn'),(930,'郭晨','上海市建军市沙市通辽街v座 931981','18014956269','weimao@menghou.net'),(931,'王刚','辽宁省秀荣市新城杨路L座 930814','15351774577','menggang@taoguiying.cn'),(932,'王杨','辽宁省宇市上街惠州路F座 954670','13902073196','gding@hotmail.com'),(933,'苏淑珍','江西省玉梅县金平大冶街s座 358767','14546420893','weideng@dingfeng.cn'),(934,'马建平','河北省天津市六枝特陈路z座 720429','15317966856','aliang@95.cn'),(935,'刘玉','浙江省芳市东丽哈尔滨街b座 913067','13847873147','mlin@gmail.com'),(936,'邵娟','吉林省柳州县西夏昆明路n座 777748','15565006544','zhengqiang@chaona.cn'),(937,'唐琴','陕西省太原县合川柳州路U座 358949','13635635656','ping03@huang.cn'),(938,'张成','江西省大冶县高坪楚路B座 291466','14563599007','chaohou@yahoo.com'),(939,'马帅','天津市北镇县丰都周路Y座 514888','15932299793','cuiyang@xiulan.cn'),(940,'赵桂香','江苏省晶市山亭王街r座 494611','14519037680','xiuying08@yahoo.com'),(941,'刘秀云','重庆市合山市清河济南路C座 986143','15512063046','myang@guiyingcheng.net'),(942,'李磊','辽宁省石家庄县花溪重庆路M座 667776','13977458519','qcao@yahoo.com'),(943,'毛利','澳门特别行政区杨市徐汇巢湖街O座 147478','18730664646','shijun@yahoo.com'),(944,'郭桂英','湖北省红霞市平山冯路n座 298371','18855914272','xiulan82@hotmail.com'),(945,'武涛','湖南省柳州县崇文宋路R座 652048','14574446519','longping@yahoo.com'),(946,'汤帆','广西壮族自治区洁县清浦通辽街b座 285034','15581801520','fanchao@gmail.com'),(947,'白秀云','重庆市合山市平山陈街p座 658363','15998454450','pyao@gmail.com'),(948,'刘强','河北省潜江县大东六盘水街R座 924348','18555223086','naxiong@rp.cn'),(949,'陈秀芳','内蒙古自治区张家港市魏都辛集路n座 211136','14724717744','sunjuan@gmail.com'),(950,'王文','台湾省刚县朝阳胡街f座 767848','13476034032','chaohan@yahoo.com'),(951,'黄梅','湖南省欣县淄川江路Q座 691500','15393356515','jie42@gmail.com'),(952,'钟丽华','海南省永安市新城张街O座 742093','15616393924','wxiang@xiao.net'),(953,'林峰','重庆市兴安盟县龙潭沈阳街n座 971220','13041619093','xueqiang@jinyuan.cn'),(954,'王倩','河南省深圳市城东太原路j座 478026','14554072323','dtian@yangmin.cn'),(955,'周超','湖南省瑞市大东王街J座 843593','15983280415','wei15@yahoo.com'),(956,'沈秀兰','青海省淑英县滨城姜路c座 799416','13473185048','qiaoxiuying@00.net'),(957,'陈云','上海市呼和浩特市安次香港路R座 350395','15351049258','xuexiulan@yi.cn'),(958,'晏彬','江苏省凤兰市西夏沈阳街U座 928395','18908522056','rfeng@junli.cn'),(959,'蒋俊','湖北省桂英县和平兴城街T座 902076','13136602214','hujie@dai.cn'),(960,'张军','内蒙古自治区沈阳市普陀郑街T座 476562','18690124466','guxia@hotmail.com'),(961,'傅莹','河北省郑州市和平齐齐哈尔街D座 620303','18251470664','thuang@yahoo.com'),(962,'邓玉珍','黑龙江省马鞍山市城东杨街O座 778897','13540709643','naxu@gmail.com'),(963,'郭凯','湖南省兰州县房山黎街K座 667321','15878123652','kcheng@liu.cn'),(964,'曾鹏','香港特别行政区成都市清城齐齐哈尔路G座 136308','13121188406','duli@gang.cn'),(965,'王想','山东省小红县高明齐齐哈尔街t座 556903','18025271328','whou@hotmail.com'),(966,'胡欢','湖南省文县普陀长春街R座 249840','15581695263','juanwu@xiuyingyang.cn'),(967,'冯玉华','海南省重庆市锡山陆路p座 180118','18757378398','xiewei@02.net'),(968,'董峰','海南省林县南长韦路a座 297087','13122969590','yangliao@gmail.com'),(969,'杨伟','上海市娟县双滦邯郸街K座 317441','13157371068','taoyi@yz.cn'),(970,'郎玉','贵州省潮州市蓟州巢湖街V座 914750','15193754431','huli@yahoo.com'),(971,'吴婷','山西省汕尾市高港郭路d座 679427','13787411853','qiang81@jie.cn'),(972,'刘桂荣','江苏省健市龙潭宁德路J座 252309','13994536385','wanxia@meng.cn'),(973,'王金凤','湖南省军市金平昆明街f座 304189','15721121910','yangshi@hotmail.com'),(974,'朱秀荣','河南省勇市合川李街e座 431637','15590994568','zhangwei@gmail.com'),(975,'杨荣','台湾省成都县南湖合肥街u座 246725','13086831675','ktao@wei.net'),(976,'岳丹','青海省拉萨县西峰刘街T座 907358','13829628745','liumin@yahoo.com'),(977,'邢倩','山东省兴安盟县徐汇六安路O座 607186','13445493299','weisong@gmail.com'),(978,'韩佳','湖北省婷婷县新城谭街X座 361833','13254325655','baimin@minwei.com'),(979,'蒋浩','贵州省洋市梁平李路R座 482798','13447240733','lijiang@dujia.cn'),(980,'李秀珍','云南省晶县清河杭州街M座 743961','15336395564','ping73@gmail.com'),(981,'周建军','重庆市佛山市城北何街G座 775512','13364068134','yangguo@yahoo.com'),(982,'许兰英','甘肃省娟市白云郑街L座 198292','15614389691','liufang@yahoo.com'),(983,'庄洁','西藏自治区畅县海港六盘水街H座 512878','13619965850','cuixia@yao.cn'),(984,'严军','湖北省东莞市淄川白路U座 435517','18765573998','jing89@gmail.com'),(985,'刘秀英','河南省郑州市长寿郭路T座 562310','13712959262','ming61@hotmail.com'),(986,'黄华','山东省兰州县海港韩路h座 887479','15230493083','yangwei@gmail.com'),(987,'李春梅','贵州省桂英县六枝特合山街n座 673741','18561339257','gchang@xialong.cn'),(988,'侯莉','安徽省霞市门头沟赵路M座 906775','13501648146','li86@hotmail.com'),(989,'陈博','江西省巢湖县黄浦黄路T座 419723','18903904606','jing17@hotmail.com'),(990,'王建平','北京市淮安市清城昆明路d座 677603','18918780202','chaoshi@oe.cn'),(991,'鞠勇','山东省静县璧山邵路j座 315396','18168156292','yan93@04.cn'),(992,'王磊','西藏自治区玉珍县孝南柳州街W座 276932','13346506515','jsong@yahoo.com'),(993,'张辉','河南省张家港市东丽广州路h座 207850','14744564492','juanwen@gmail.com'),(994,'王丽娟','甘肃省敏市长寿陈路F座 107376','18997975958','guiyingzhang@ganghou.cn'),(995,'李丽','陕西省玉华市南溪宁德街v座 213036','15759710508','juanliang@wanxu.cn'),(996,'陈彬','山东省宜都县大兴乌鲁木齐街h座 394978','13665112804','xiuying05@fang.net'),(997,'明亮','重庆市西宁县六枝特农街y座 603145','14513645442','luotao@xiulan.com'),(998,'李娜','湖南省玉华县高港何路f座 870527','15577662068','tanlei@tianlei.net'),(999,'范秀荣','天津市长沙市清浦宜都街g座 710923','15873863478','szeng@xiuying.cn'),(1000,'梁玉英','河北省南宁县牧野上海街t座 470781','18194852456','bgong@yahoo.com');
/*!40000 ALTER TABLE `my_user` ENABLE KEYS */;
UNLOCK TABLES;

--
-- Table structure for table `product`
--

DROP TABLE IF EXISTS `product`;
/*!40101 SET @saved_cs_client     = @@character_set_client */;
/*!40101 SET character_set_client = utf8 */;
CREATE TABLE `product` (
  `id` int(11) NOT NULL AUTO_INCREMENT,
  `product_name` varchar(100) NOT NULL,
  PRIMARY KEY (`id`)
) ENGINE=InnoDB AUTO_INCREMENT=211 DEFAULT CHARSET=utf8mb4;
/*!40101 SET character_set_client = @saved_cs_client */;

--
-- Dumping data for table `product`
--

LOCK TABLES `product` WRITE;
/*!40000 ALTER TABLE `product` DISABLE KEYS */;
INSERT INTO `product` VALUES (1,'a123cc1f-16a1-47ad-ac6c-74536b71ec59'),(2,'a518da93-33c5-4f66-9373-40117e66b318'),(3,'c65cbc54-7ec8-49d5-abee-557fb05a52c9'),(4,'9a264d0b-f4d0-4a13-8580-cde794dd0902'),(5,'b5f11279-7937-4063-bf97-13b53f395a41'),(6,'3f905fc5-a108-445a-b2e5-aed44a2fb212'),(7,'4ddb8f33-e9ac-4536-9539-d3364f3295a9'),(8,'0e1f2445-a5c8-4aa0-8be5-e60765ca2934'),(9,'00d538fd-657f-4925-bf8a-3c8acac196df'),(10,'cc3aed4b-6496-4264-9558-ff4f8a0285ef'),(11,'7414f4ff-329a-438b-a428-6f98c9a48dad'),(12,'8d2d146c-4bfb-4750-b835-636f6e89fd11'),(13,'2504e741-81e7-4d71-ad97-cfd7f9839596'),(14,'a9316d52-182a-4989-ab2c-064d4642ba34'),(15,'eee927a1-051f-4ad6-9b0c-ddc55814a9da'),(16,'4ca72735-2d8f-4f35-ab1e-9f46192a2f56'),(17,'635724d3-8c9a-46e1-9b05-cf12c525b779'),(18,'d77d1c7d-fce9-4341-9f1a-cf11ed965879'),(19,'b4697b33-9da1-41df-9e1f-7f2ccf4315e3'),(20,'5130a869-ea06-46fe-9cd3-4113fa93c5e9'),(21,'34a7d825-a3d2-4a4b-903f-3bfbf2a90ee0'),(22,'8ad86d74-9a2b-476f-b978-3829c9354e49'),(23,'f0223740-d287-4bd0-a449-e0d73970b15a'),(24,'18757bec-02ee-481f-9021-10ab3d089359'),(25,'5bb8f83b-c911-48f3-b0ad-82e223f57aac'),(26,'ecd9038b-89bd-48f4-9b69-a1d18af5c383'),(27,'11c27a49-2a05-4384-86a6-d9ec701e8eaa'),(28,'173dd1d8-9ee9-499b-bebb-0ef74d257c0f'),(29,'a583ca3a-092a-4f00-8fcc-80ccb351a98d'),(30,'cbb461d4-5be5-4fae-8ee9-3913a4e0d815'),(31,'5ce22be9-f852-4a1d-9f68-7c703f621263'),(32,'c79d39a9-d47a-4a51-9c1a-d6608f01e8c9'),(33,'4f7a55fa-c60b-446e-9e1d-530cbae43ae1'),(34,'adb8ec7b-f959-4031-9180-88adbe98e342'),(35,'7e6cdda8-77a5-412e-8b8e-267d443cf9de'),(36,'7e5b8024-80d8-4622-ae08-bfd6c7b96b34'),(37,'b41acc4c-288e-4fea-b370-1aca6052971a'),(38,'ff564ccc-e44a-4a6c-b301-5dcc5ad7ff3e'),(39,'fd49025a-2e1f-48fb-a522-cf5743773c02'),(40,'ee067ee1-3b3c-42d9-a4f1-1cf51ea7dc4d'),(41,'75102440-5221-4c01-91fa-a6aa4095f260'),(42,'1bd6abfe-1da8-40d1-baca-16a5d0b80b39'),(43,'a8d58ac2-1c11-4e1c-a859-5b0f217c9a71'),(44,'7741a173-29bb-422e-910c-0a7b7161a473'),(45,'21d5a874-5e44-4259-97dc-3c22bc48f286'),(46,'ddd35fb2-5fd6-4471-bc0c-f2a1734856d3'),(47,'4321ff61-cc7c-4fcd-8966-456a0a2fddf8'),(48,'2a9b6130-48c3-4cb4-b438-9cf815e20c05'),(49,'fbcfbbda-832e-42eb-97aa-9d96338acaf3'),(50,'d6ceb3d8-773e-4b7e-aa55-b20cd9f63539'),(51,'ffb8daec-e417-42ce-a46d-5b166b2a1c6c'),(52,'cf3aabfd-64e8-41e1-9e64-248fc189b25f'),(53,'60ef0ed2-2e6c-48a7-a3b4-c12bb26a99f3'),(54,'daff22e4-b3bc-4418-b60a-e86ba7ed92c9'),(55,'81611aa2-28de-4b2c-afa2-d401408d3fd9'),(56,'d8611b63-bced-4397-8dbc-421550b8bdb0'),(57,'a32ab2c6-0fb8-4e17-8ba9-94cab068a91c'),(58,'01152ced-e399-48f9-940f-9286391f97e5'),(59,'d349befb-7d6e-43d0-9354-2fbc9b23d192'),(60,'5832595e-1478-42ba-a617-cee0eda595d2'),(61,'4a210847-f9e0-451a-ae9a-a74293a710a0'),(62,'9309aebd-59cc-47eb-a56a-1ce080894e4e'),(63,'f23a4200-6281-4600-a661-b6fb107d868c'),(64,'581a7649-f5c3-4cb0-84f0-176490922668'),(65,'e3b5ac9d-7cc3-479f-a43e-332a2a2632d9'),(66,'d47f3b36-6754-4612-ae01-ed6603e5ef36'),(67,'79aaeba4-9f54-4931-bab8-8696bac20e82'),(68,'f40933a6-193b-48d4-a411-4dd4c6ea6e9f'),(69,'859eae5d-c435-4e65-91e1-700f3bf31149'),(70,'e50d7988-6c2f-458c-9314-5450618147cd'),(71,'567096ea-e53f-4110-b9ae-50fb2431bf05'),(72,'07eb4119-20aa-43f9-8040-6ce702340332'),(73,'d522aad9-f4ef-48f4-843b-773b5018820d'),(74,'3383de6e-604c-4ad7-984b-005e64da0653'),(75,'dd89b65e-a84c-4d5a-bd47-1f7a17f6f260'),(76,'b0268cc5-e385-4065-8a2c-5705db6299b0'),(77,'242122ad-74f8-46b0-b020-dfd4cfdbb5b2'),(78,'9fc9b8f2-22a4-486f-a343-ccdae974fe4c'),(79,'05017084-4954-4eb2-8879-32985ee09d8b'),(80,'e3d2976e-f13e-465a-bba4-0eef248577db'),(81,'4b4d38b7-929c-4d7d-a4ea-284dc66694b5'),(82,'b8ea9da6-d989-4679-92a3-eadfff543901'),(83,'a805111f-07d2-4e40-bb20-c9c018073670'),(84,'1138accf-fdd0-4643-8a88-43f0a667f445'),(85,'f09dedb8-73ef-497b-a949-2a53af1f4cc0'),(86,'ef657d7d-9b62-4c3e-859d-77eca0fd9e72'),(87,'2f549b7c-4d23-4f62-a86b-0b0041ecaa4f'),(88,'25fe93aa-1913-4998-8640-fa464c92fedb'),(89,'798f5cf5-aef7-4549-8676-09b2ec4fa218'),(90,'8b62547b-5b73-42d5-83a7-64c8de0a64a9'),(91,'80f6f902-6892-4a6f-994a-eff37955d005'),(92,'c65b9e77-bebf-41bc-999a-02c88df1b249'),(93,'52296b72-1d7a-4c0c-b62e-51bcfd51de24'),(94,'b5fb6ed9-f834-462d-8b12-7deeb6237631'),(95,'bb122448-3a62-4a85-96cb-86bd5e9a596c'),(96,'3337b248-26e3-4e72-ad81-fa8f3f58947a'),(97,'286aba54-91da-4caf-af6b-a3460883467c'),(98,'207f5580-1ee1-4fbc-9672-d2728da80191'),(99,'b53f3f30-0674-49c3-b63f-4287bcab2980'),(100,'cd007b14-9744-41f3-a459-39ab7c321fb4'),(101,'3b030671-ebc8-42a4-b335-e4ff9241ac45'),(102,'cc23e428-6e99-48ce-bc3c-db9174aa6a5e'),(103,'6ec7e668-4a06-47ee-8146-b88603754b1d'),(104,'b723ebce-8dda-478f-9139-14774bd1f8ab'),(105,'793ef40c-bbd0-4aa4-8ef2-40e4c8116d2a'),(106,'177db0f2-8169-495a-b8c6-9301de9a2b99'),(107,'4e155956-401c-46c5-be41-f5a0db5866cc'),(108,'dc862c67-e25a-4d49-817f-895aa8456bff'),(109,'9fd4f5c5-e95e-47c7-8a1b-1969127a7bad'),(110,'342b5679-8140-4e83-bce0-7613cba2c778'),(111,'c1070783-5ea1-48e8-8a8f-ac45b49b1128'),(112,'91f07563-56df-4836-8200-13780a47d4af'),(113,'2b504f08-a8dd-45cc-8c0c-b05cda5d6f3f'),(114,'2871b72f-2eeb-4753-a30c-f24c50dc3605'),(115,'abe7e6d0-9c23-40b9-aad5-9c25f2f765e6'),(116,'2d9a6317-659c-48c3-9a9e-812079df4360'),(117,'b63046fa-2862-48de-8669-21d7d3bdebc0'),(118,'00e3596f-c15f-4ce4-8e3b-95760c1dcc9c'),(119,'dadc557e-a751-48a3-ac39-e484bfaea973'),(120,'528721b2-4231-45aa-97da-0b0729df07f4'),(121,'672e424b-2925-4eb1-bfb8-9f4e6bfab345'),(122,'e2571e3f-7927-4a88-b45f-d768524d00d7'),(123,'1adbd4c2-e48f-4d36-a26a-52f7fce2487b'),(124,'979e305d-76db-447d-b2f2-9c9851eb45f0'),(125,'45485dd6-69e2-413a-aedb-a9cc1909448a'),(126,'9658c733-a0f5-4cd3-83d2-f390fbb5636a'),(127,'f4bcd989-f67a-480a-9677-b1f4563892db'),(128,'c22f614f-3c87-4ff0-a8e5-2d825884a054'),(129,'d3feda20-a57d-4edf-910c-c2bc42d1d1d7'),(130,'a8505e9a-8df0-4134-9e25-0d792b522d02'),(131,'40942650-0225-409b-a326-3a62dc2ce1ee'),(132,'666de1db-e3f3-488f-aa42-e2bcd62dd5dd'),(133,'147688f5-0966-4f5e-ab1b-1c59b224dc90'),(134,'367da082-768a-473b-97e6-c304c08081ad'),(135,'133ba502-5afc-4446-8d15-e3bab34aec8b'),(136,'02bb6301-a65f-4451-a386-05d439f680b4'),(137,'baae3fe6-396b-4c3f-bf02-cbe105699d43'),(138,'2b19d96a-c39b-4b7d-b5d9-bf94723e9f27'),(139,'887494ca-621f-477a-a898-9cdcabbe1521'),(140,'7bb89825-f5e8-4366-b823-4d64d2026901'),(141,'f66f1c2d-913d-4018-915a-4c3b8d0dab2d'),(142,'68322b5f-4bd6-42cf-b5fa-690c2adc8805'),(143,'257fd79b-2b2d-46de-97b7-d0141b4423d1'),(144,'6b4de782-2663-4af3-af93-24ec9341e105'),(145,'6abca57f-8e43-4fd9-981c-13587b961d92'),(146,'f2e37396-aae3-4e99-87a2-14c9c22be9e5'),(147,'6e9af254-08b7-4b07-9831-a30f763bbeb0'),(148,'8b2ad48c-6659-41a3-a827-e24dc7aaa933'),(149,'e5d898bc-2ec3-416e-a957-ca928ed9170a'),(150,'45d869c8-7399-48a4-93f0-58485df70643'),(151,'83dd943d-bd59-41e6-9b1e-59eb9cc383f0'),(152,'fa8a2a89-aa07-442d-9720-4f25425a0722'),(153,'bb73cec3-ef35-4834-aa8f-82768612dd51'),(154,'4b6d1764-2cee-4632-8c45-20ef7c6feaee'),(155,'a8ec551e-f69a-4659-84dd-368dc89d7cca'),(156,'262ca614-1de0-407f-be2c-2a8b74707861'),(157,'36bd3b4e-3089-42e7-a262-aa60353c9769'),(158,'f2a0974f-1498-4f0f-9525-1c6bc34a738a'),(159,'3b4ae306-381d-4ca1-83e2-d17c88d00c4e'),(160,'c78f4daa-cb3e-4156-8d99-5b4c83c52f05'),(161,'f24bf357-a356-49eb-b631-eafe0df09a44'),(162,'1649aa45-8182-4a75-acf6-0184ded9d737'),(163,'7fe0d04e-972d-49a8-8129-402298ec142a'),(164,'c046386b-a19d-4176-996a-7ddea687cea2'),(165,'e924ab2c-38ac-4c2a-9df7-68355167f0a7'),(166,'9e7e3bd1-e06a-4931-a388-8cd01e2eb1c8'),(167,'eadd0c85-9de8-4d63-8384-6ab3c9f93da5'),(168,'613c6fcf-2343-412f-9156-6aef50b003c9'),(169,'fc61d78a-0a76-49e5-b2b9-f662354c7f29'),(170,'8bdb447e-8ec3-486c-9de7-bd4f217a0b01'),(171,'bcd019c5-bfb5-4fd6-98c6-6f3f4b555b9d'),(172,'5d1b70d9-4e4d-4e93-8c57-cd3120a2fbc6'),(173,'900f03a0-f3b8-4ac5-a16c-20a0bae727db'),(174,'29c3e7f0-0b25-4a65-a06c-3715e8d93a21'),(175,'e38a8294-11ac-4679-90fc-361467676209'),(176,'3899e197-53d4-405b-a7b5-39e5cdf7f345'),(177,'f365d867-dfae-4646-bfdf-0d7ead6e31b7'),(178,'5161dce7-b03a-4871-9a89-b442a60837f5'),(179,'2c0afdd6-3390-4aab-98ce-edca574d9c5f'),(180,'cbc0daf2-d313-47d1-a7b6-20e28f0c872d'),(181,'ffbcf809-5e7a-42cc-a88a-b87e3386b4bb'),(182,'8afb3540-67fa-4e00-a856-328b5da48477'),(183,'13374418-87fd-44fa-ad11-cae1edb29301'),(184,'aea0a8bd-1aef-411d-b929-052718acdf25'),(185,'114eaa8e-de31-42f2-91ef-65522fc3d993'),(186,'49fd7356-c433-41b4-8c42-1b6fea0c7a9d'),(187,'2c69f3a2-a975-4dec-ba99-8f980228566e'),(188,'6daf8d44-eea0-48db-960b-c6e02c45e498'),(189,'180722cd-2f7f-4ef3-8115-3f286795c9a0'),(190,'ddea6574-da5a-4a27-be14-bcd3067eb128'),(191,'b97ca400-9495-47d2-9212-b34a08ab6e2f'),(192,'2a1061c3-68eb-41bd-907c-43c7b30459a4'),(193,'2bc4f151-4614-46ef-9a60-cb2317d12636'),(194,'8c8c1acb-d22c-4967-bc7a-2de47c4bd4bd'),(195,'b0391bd5-13cf-48e2-b9fd-4b883d0df86f'),(196,'26a57338-1cce-43cd-a9b3-cbeaf2804a58'),(197,'309fdc09-1e85-44f5-9391-2eb8f145df87'),(198,'0e011340-4896-48eb-ae5c-31e1d3c09f8b'),(199,'24b3074c-5cbd-45c8-9e4b-b4e551839515'),(200,'c05c46da-4d32-4e48-bb4c-7ca451037656'),(201,'c8f09625-f650-433c-aff1-8bfe70fd8da7'),(202,'287e86ae-03be-4ba0-9c3e-8c3bd2121959'),(203,'10c07c07-2e6f-4f9f-ae4e-1151ebd235b3'),(204,'764efb00-3e9b-4c67-af89-ab2b03917945'),(205,'78a29c17-abc7-4311-95ae-2d2fb22ddc53'),(206,'aabd930e-8f29-4a18-b1d7-6e88c51706ff'),(207,'f3ffc31b-c718-4218-86b1-05ea5dd0156b'),(208,'5b6e0608-5520-472c-b121-2e285f8352c0'),(209,'f5cdf574-071c-4a02-bc37-22f41aec60ae'),(210,'b3cb2f05-d95a-47ad-ac27-10cca8d2b415');
/*!40000 ALTER TABLE `product` ENABLE KEYS */;
UNLOCK TABLES;
/*!40103 SET TIME_ZONE=@OLD_TIME_ZONE */;

/*!40101 SET SQL_MODE=@OLD_SQL_MODE */;
/*!40014 SET FOREIGN_KEY_CHECKS=@OLD_FOREIGN_KEY_CHECKS */;
/*!40014 SET UNIQUE_CHECKS=@OLD_UNIQUE_CHECKS */;
/*!40101 SET CHARACTER_SET_CLIENT=@OLD_CHARACTER_SET_CLIENT */;
/*!40101 SET CHARACTER_SET_RESULTS=@OLD_CHARACTER_SET_RESULTS */;
/*!40101 SET COLLATION_CONNECTION=@OLD_COLLATION_CONNECTION */;
/*!40111 SET SQL_NOTES=@OLD_SQL_NOTES */;

-- Dump completed on 2020-11-16 23:58:47
